"TrialID","Targ"
"51.P001","y"
"51.P002","n"
"51.P003","n"
"72.P001","n"
"72.P002","y"
"72.P003","n"
"285.P001","n"
"285.P002","y"
"285.P003","n"
"329.P001","n"
"329.P002","y"
"329.P003","n"
"330.P001","n"
"330.P002","y"
"330.P003","n"
"387.P001","n"
"387.P002","n"
"387.P003","n"
"397.P001","y"
"397.P002","n"
"397.P003","n"
"422.P001","n"
"422.P002","n"
"422.P003","y"
"444.P001","n"
"444.P002","n"
"444.P003","n"
"469.P001","n"
"469.P002","n"
"469.P003","n"
"470.P001","n"
"470.P002","n"
"470.P003","n"
"473.P001","n"
"473.P002","n"
"473.P003","n"
"474.P001","n"
"474.P002","n"
"474.P003","n"
"475.P001","n"
"475.P002","n"
"475.P003","n"
"478.P001","n"
"478.P002","n"
"478.P003","n"
"485.P001","n"
"485.P002","n"
"485.P003","n"
"519.P001","n"
"519.P002","y"
"519.P003","n"
"617.P001","y"
"617.P002","n"
"617.P003","n"
"620.P001","y"
"620.P002","n"
"620.P003","n"
"635.P001","n"
"635.P002","y"
"635.P003","n"
"648.P001","n"
"648.P002","n"
"648.P003","n"
"659.P001","n"
"659.P002","n"
"659.P003","n"
"660.P001","n"
"660.P002","n"
"660.P003","n"
"682.P001","n"
"682.P002","n"
"682.P003","n"
"703.P001","n"
"703.P002","y"
"703.P003","n"
"711.P001","n"
"711.P002","y"
"711.P003","n"
"712.P001","n"
"712.P002","y"
"712.P003","n"
"715.P001","n"
"715.P002","y"
"715.P003","n"
"735.P001","n"
"735.P002","n"
"735.P003","n"
"748.P001","n"
"748.P002","n"
"748.P003","n"
"750.P001","n"
"750.P002","n"
"750.P003","n"
"753.P001","n"
"753.P002","n"
"753.P003","n"
"758.P001","n"
"758.P002","n"
"758.P003","n"
"759.P001","n"
"759.P002","n"
"759.P003","n"
"760.P001","n"
"760.P002","n"
"760.P003","n"
"763.P001","n"
"763.P002","n"
"763.P003","n"
"764.P001","n"
"764.P002","n"
"764.P003","n"
"766.P001","n"
"766.P002","n"
"766.P003","n"
"767.P001","n"
"767.P002","n"
"767.P003","n"
"772.P001","n"
"772.P002","n"
"772.P003","n"
"854.P001","n"
"854.P002","n"
"854.P003","n"
"863.P001","n"
"863.P002","n"
"863.P003","n"
"886.P001","n"
"886.P002","n"
"886.P003","n"
"895.P001","n"
"895.P002","n"
"895.P003","n"
"896.P001","n"
"896.P002","n"
"896.P003","n"
"909.P001","y"
"909.P002","n"
"909.P003","n"
"933.P001","n"
"933.P002","n"
"933.P003","y"
"938.P001","n"
"938.P002","n"
"938.P003","n"
"1012.P001","y"
"1012.P002","n"
"1012.P003","n"
"1040.P001","n"
"1040.P002","y"
"1040.P003","n"
"1060.P001","n"
"1060.P002","n"
"1060.P003","n"
"1062.P001","n"
"1062.P002","n"
"1062.P003","y"
"1068.P001","n"
"1068.P002","n"
"1068.P003","n"
"1073.P001","n"
"1073.P002","n"
"1073.P003","n"
"1074.P001","n"
"1074.P002","n"
"1074.P003","n"
"1075.P001","n"
"1075.P002","n"
"1075.P003","n"
"1077.P001","n"
"1077.P002","n"
"1077.P003","n"
"1078.P001","n"
"1078.P002","n"
"1078.P003","n"
"1084.P001","n"
"1084.P002","n"
"1084.P003","n"
"1085.P001","n"
"1085.P002","n"
"1085.P003","n"
"1087.P001","n"
"1087.P002","n"
"1087.P003","n"
"1099.P001","n"
"1099.P002","n"
"1099.P003","n"
"1103.P001","y"
"1103.P002","n"
"1103.P003","n"
"1109.P001","y"
"1109.P002","n"
"1109.P003","n"
"1110.P001","y"
"1110.P002","n"
"1110.P003","n"
"1111.P001","n"
"1111.P002","n"
"1111.P003","n"
"1113.P001","y"
"1113.P002","n"
"1113.P003","n"
"1114.P001","n"
"1114.P002","n"
"1114.P003","n"
"1115.P001","y"
"1115.P002","n"
"1115.P003","n"
"1122.P001","y"
"1122.P002","n"
"1122.P003","n"
"1123.P001","y"
"1123.P002","n"
"1123.P003","n"
"1126.P001","n"
"1126.P002","n"
"1126.P003","n"
"1128.P001","y"
"1128.P002","n"
"1128.P003","n"
"1129.P001","y"
"1129.P002","n"
"1129.P003","n"
"1131.P001","y"
"1131.P002","n"
"1131.P003","n"
"1145.P001","n"
"1145.P002","n"
"1145.P003","n"
"1146.P001","n"
"1146.P002","n"
"1146.P003","n"
"1147.P001","n"
"1147.P002","n"
"1147.P003","n"
"1148.P001","n"
"1148.P002","n"
"1148.P003","n"
"1149.P001","n"
"1149.P002","n"
"1149.P003","n"
"1159.P001","n"
"1159.P002","y"
"1159.P003","n"
"1165.P001","y"
"1165.P002","n"
"1165.P003","n"
"1184.P001","y"
"1184.P002","n"
"1184.P003","n"
"1212.P001","y"
"1212.P002","n"
"1212.P003","n"
"1214.P001","y"
"1214.P002","n"
"1214.P003","n"
"1215.P001","y"
"1215.P002","n"
"1215.P003","n"
"1219.P001","y"
"1219.P002","n"
"1219.P003","n"
"1221.P001","y"
"1221.P002","n"
"1221.P003","n"
"1222.P001","y"
"1222.P002","n"
"1222.P003","n"
"1224.P001","y"
"1224.P002","n"
"1224.P003","n"
"1227.P001","y"
"1227.P002","n"
"1227.P003","n"
"1235.P001","y"
"1235.P002","n"
"1235.P003","n"
"1236.P001","n"
"1236.P002","n"
"1236.P003","n"
"1239.P001","n"
"1239.P002","n"
"1239.P003","n"
"1240.P001","n"
"1240.P002","n"
"1240.P003","n"
"1243.P001","n"
"1243.P002","n"
"1243.P003","n"
"1245.P001","n"
"1245.P002","n"
"1245.P003","n"
"1249.P001","n"
"1249.P002","n"
"1249.P003","n"
"1250.P001","n"
"1250.P002","n"
"1250.P003","n"
"1251.P001","n"
"1251.P002","n"
"1251.P003","n"
"1252.P001","n"
"1252.P002","n"
"1252.P003","n"
"1256.P001","n"
"1256.P002","n"
"1256.P003","n"
"1257.P001","n"
"1257.P002","y"
"1257.P003","n"
"1260.P001","y"
"1260.P002","n"
"1260.P003","n"
"1261.P001","y"
"1261.P002","n"
"1261.P003","n"
"1267.P001","y"
"1267.P002","n"
"1267.P003","n"
"1334.P001","n"
"1334.P002","n"
"1334.P003","n"
"1336.P001","n"
"1336.P002","n"
"1336.P003","n"
"1339.P001","n"
"1339.P002","n"
"1339.P003","n"
"1342.P001","n"
"1342.P002","n"
"1342.P003","n"
"1344.P001","n"
"1344.P002","n"
"1344.P003","n"
"1346.P001","n"
"1346.P002","n"
"1346.P003","n"
"1348.P001","n"
"1348.P002","n"
"1348.P003","n"
"1352.P001","n"
"1352.P002","n"
"1352.P003","n"
"1380.P001","n"
"1380.P002","y"
"1380.P003","n"
"1406.P001","n"
"1406.P002","y"
"1406.P003","n"
"1407.P001","n"
"1407.P002","y"
"1407.P003","n"
"1409.P001","n"
"1409.P002","y"
"1409.P003","n"
"1418.P001","n"
"1418.P002","n"
"1418.P003","n"
"1423.P001","n"
"1423.P002","n"
"1423.P003","n"
"1424.P001","n"
"1424.P002","n"
"1424.P003","n"
"1426.P001","n"
"1426.P002","n"
"1426.P003","n"
"1427.P001","n"
"1427.P002","n"
"1427.P003","n"
"1428.P001","n"
"1428.P002","n"
"1428.P003","n"
"1430.P001","n"
"1430.P002","n"
"1430.P003","n"
"1432.P001","n"
"1432.P002","n"
"1432.P003","n"
"1435.P001","n"
"1435.P002","n"
"1435.P003","n"
"1439.P001","n"
"1439.P002","n"
"1439.P003","n"
"1441.P001","n"
"1441.P002","n"
"1441.P003","n"
"1558.P001","n"
"1558.P002","y"
"1558.P003","n"
"1559.P001","n"
"1559.P002","y"
"1559.P003","n"
"1565.P001","n"
"1565.P002","y"
"1565.P003","n"
"1566.P001","n"
"1566.P002","y"
"1566.P003","n"
"1580.P001","n"
"1580.P002","n"
"1580.P003","n"
"1584.P001","n"
"1584.P002","n"
"1584.P003","n"
"1585.P001","n"
"1585.P002","n"
"1585.P003","n"
"1586.P001","n"
"1586.P002","n"
"1586.P003","n"
"1587.P001","n"
"1587.P002","n"
"1587.P003","n"
"1588.P001","n"
"1588.P002","n"
"1588.P003","n"
"1591.P001","n"
"1591.P002","n"
"1591.P003","n"
"1592.P001","n"
"1592.P002","n"
"1592.P003","n"
"1593.P001","n"
"1593.P002","n"
"1593.P003","n"
"1595.P001","n"
"1595.P002","n"
"1595.P003","n"
"1596.P001","n"
"1596.P002","n"
"1596.P003","n"
"1598.P001","n"
"1598.P002","n"
"1598.P003","n"
"1599.P001","n"
"1599.P002","n"
"1599.P003","n"
"1601.P001","n"
"1601.P002","n"
"1601.P003","n"
"1606.P001","n"
"1606.P002","y"
"1606.P003","n"
"1607.P001","n"
"1607.P002","y"
"1607.P003","n"
"1618.P001","n"
"1618.P002","y"
"1618.P003","n"
"1619.P001","n"
"1619.P002","n"
"1619.P003","n"
"1625.P001","n"
"1625.P002","n"
"1625.P003","n"
"1626.P001","n"
"1626.P002","n"
"1626.P003","n"
"1627.P001","n"
"1627.P002","n"
"1627.P003","n"
"1628.P001","n"
"1628.P002","n"
"1628.P003","n"
"1630.P001","n"
"1630.P002","n"
"1630.P003","n"
"1631.P001","n"
"1631.P002","n"
"1631.P003","n"
"1632.P001","n"
"1632.P002","n"
"1632.P003","n"
"1634.P001","n"
"1634.P002","n"
"1634.P003","n"
"1638.P001","n"
"1638.P002","n"
"1638.P003","n"
"1648.P001","n"
"1648.P002","n"
"1648.P003","n"
"1650.P001","n"
"1650.P002","n"
"1650.P003","n"
"1659.P001","n"
"1659.P002","y"
"1659.P003","n"
"1662.P001","n"
"1662.P002","y"
"1662.P003","n"
"1663.P001","n"
"1663.P002","y"
"1663.P003","n"
"1664.P001","n"
"1664.P002","y"
"1664.P003","n"
"1668.P001","n"
"1668.P002","y"
"1668.P003","n"
"1680.P001","n"
"1680.P002","n"
"1680.P003","n"
"1682.P001","n"
"1682.P002","n"
"1682.P003","n"
"1683.P001","n"
"1683.P002","n"
"1683.P003","n"
"1713.P001","n"
"1713.P002","n"
"1713.P003","n"
"1723.P001","n"
"1723.P002","n"
"1723.P003","n"
"1727.P001","n"
"1727.P002","n"
"1727.P003","n"
"1733.P001","n"
"1733.P002","n"
"1733.P003","n"
"1735.P001","n"
"1735.P002","n"
"1735.P003","n"
"1737.P001","n"
"1737.P002","n"
"1737.P003","n"
"1738.P001","n"
"1738.P002","n"
"1738.P003","n"
"1739.P001","n"
"1739.P002","n"
"1739.P003","n"
"1744.P001","n"
"1744.P002","n"
"1744.P003","n"
"1748.P001","n"
"1748.P002","y"
"1748.P003","n"
"1754.P001","n"
"1754.P002","y"
"1754.P003","n"
"1757.P001","n"
"1757.P002","y"
"1757.P003","n"
"1758.P001","n"
"1758.P002","y"
"1758.P003","n"
"1760.P001","n"
"1760.P002","y"
"1760.P003","n"
"1761.P001","n"
"1761.P002","y"
"1761.P003","n"
"1762.P001","n"
"1762.P002","y"
"1762.P003","n"
"1763.P001","n"
"1763.P002","y"
"1763.P003","n"
"1767.P001","n"
"1767.P002","n"
"1767.P003","n"
"1771.P001","n"
"1771.P002","n"
"1771.P003","n"
"1776.P001","n"
"1776.P002","n"
"1776.P003","n"
"1780.P001","n"
"1780.P002","n"
"1780.P003","n"
"1787.P001","n"
"1787.P002","n"
"1787.P003","n"
"1788.P001","n"
"1788.P002","n"
"1788.P003","n"
"1790.P001","y"
"1790.P002","n"
"1790.P003","n"
"1791.P001","n"
"1791.P002","n"
"1791.P003","n"
"1793.P001","n"
"1793.P002","n"
"1793.P003","n"
"1794.P001","y"
"1794.P002","n"
"1794.P003","n"
"1797.P001","n"
"1797.P002","n"
"1797.P003","n"
"1805.P001","n"
"1805.P002","y"
"1805.P003","n"
"1807.P001","n"
"1807.P002","y"
"1807.P003","n"
"1810.P001","n"
"1810.P002","y"
"1810.P003","n"
"1811.P001","n"
"1811.P002","y"
"1811.P003","n"
"1814.P001","n"
"1814.P002","n"
"1814.P003","n"
"1815.P001","n"
"1815.P002","y"
"1815.P003","n"
"1816.P001","n"
"1816.P002","y"
"1816.P003","n"
"1818.P001","n"
"1818.P002","n"
"1818.P003","n"
"1826.P001","y"
"1826.P002","n"
"1826.P003","n"
"1827.P001","n"
"1827.P002","n"
"1827.P003","n"
"1830.P001","y"
"1830.P002","n"
"1830.P003","n"
"1837.P001","n"
"1837.P002","n"
"1837.P003","n"
"1841.P001","n"
"1841.P002","n"
"1841.P003","n"
"1846.P001","n"
"1846.P002","n"
"1846.P003","n"
"1853.P001","n"
"1853.P002","n"
"1853.P003","n"
"1863.P001","n"
"1863.P002","n"
"1863.P003","n"
"1867.P001","n"
"1867.P002","n"
"1867.P003","n"
"1869.P001","n"
"1869.P002","n"
"1869.P003","n"
"1870.P001","n"
"1870.P002","n"
"1870.P003","n"
"1871.P001","n"
"1871.P002","n"
"1871.P003","n"
"1878.P001","n"
"1878.P002","n"
"1878.P003","y"
"1894.P001","n"
"1894.P002","n"
"1894.P003","n"
"1895.P001","n"
"1895.P002","n"
"1895.P003","n"
"1896.P001","n"
"1896.P002","n"
"1896.P003","n"
"1906.P001","y"
"1906.P002","n"
"1906.P003","n"
"1926.P001","n"
"1926.P002","n"
"1926.P003","n"
"1929.P001","n"
"1929.P002","n"
"1929.P003","n"
"1931.P001","n"
"1931.P002","n"
"1931.P003","n"
"1932.P001","n"
"1932.P002","n"
"1932.P003","n"
"1933.P001","n"
"1933.P002","n"
"1933.P003","n"
"1936.P001","n"
"1936.P002","y"
"1936.P003","n"
"1937.P001","n"
"1937.P002","n"
"1937.P003","n"
"1940.P001","n"
"1940.P002","n"
"1940.P003","n"
"1941.P001","n"
"1941.P002","n"
"1941.P003","n"
"1942.P001","n"
"1942.P002","n"
"1942.P003","n"
"1943.P001","n"
"1943.P002","n"
"1943.P003","n"
"1947.P001","n"
"1947.P002","n"
"1947.P003","n"
"1951.P001","n"
"1951.P002","n"
"1951.P003","n"
"1956.P001","y"
"1956.P002","n"
"1956.P003","n"
"1958.P001","y"
"1958.P002","n"
"1958.P003","n"
"1967.P001","n"
"1967.P002","n"
"1967.P003","n"
"1969.P001","y"
"1969.P002","n"
"1969.P003","n"
"1973.P001","n"
"1973.P002","n"
"1973.P003","n"
"1994.P001","n"
"1994.P002","y"
"1994.P003","n"
"1997.P001","n"
"1997.P002","y"
"1997.P003","n"
"2002.P001","n"
"2002.P002","y"
"2002.P003","n"
"2007.P001","n"
"2007.P002","y"
"2007.P003","n"
"2008.P001","n"
"2008.P002","y"
"2008.P003","n"
"2013.P001","n"
"2013.P002","n"
"2013.P003","n"
"2022.P001","n"
"2022.P002","n"
"2022.P003","n"
"2025.P001","n"
"2025.P002","n"
"2025.P003","n"
"2030.P001","n"
"2030.P002","n"
"2030.P003","n"
"2032.P001","n"
"2032.P002","n"
"2032.P003","n"
"2036.P001","n"
"2036.P002","n"
"2036.P003","n"
"2039.P001","n"
"2039.P002","n"
"2039.P003","n"
"2046.P001","n"
"2046.P002","n"
"2046.P003","n"
"2047.P001","n"
"2047.P002","n"
"2047.P003","n"
"2049.P001","n"
"2049.P002","n"
"2049.P003","n"
"2066.P001","n"
"2066.P002","n"
"2066.P003","n"
"2072.P001","n"
"2072.P002","n"
"2072.P003","n"
"2074.P001","n"
"2074.P002","n"
"2074.P003","n"
"2075.P001","n"
"2075.P002","n"
"2075.P003","n"
"2087.P001","n"
"2087.P002","n"
"2087.P003","n"
"2093.P001","n"
"2093.P002","n"
"2093.P003","y"
"2128.P001","n"
"2128.P002","n"
"2128.P003","n"
"2136.P001","n"
"2136.P002","n"
"2136.P003","n"
"2138.P001","n"
"2138.P002","n"
"2138.P003","n"
"2144.P001","n"
"2144.P002","n"
"2144.P003","n"
"2145.P001","n"
"2145.P002","n"
"2145.P003","y"
"2146.P001","n"
"2146.P002","n"
"2146.P003","n"
"2148.P001","n"
"2148.P002","n"
"2148.P003","n"
"2149.P001","n"
"2149.P002","n"
"2149.P003","n"
"2150.P001","n"
"2150.P002","n"
"2150.P003","n"
"2184.P001","n"
"2184.P002","n"
"2184.P003","n"
"2186.P001","n"
"2186.P002","n"
"2186.P003","n"
"2188.P001","n"
"2188.P002","n"
"2188.P003","n"
"2190.P001","n"
"2190.P002","n"
"2190.P003","n"
"2192.P001","n"
"2192.P002","n"
"2192.P003","n"
"2197.P001","n"
"2197.P002","n"
"2197.P003","n"
"2205.P001","n"
"2205.P002","n"
"2205.P003","y"
"2218.P001","n"
"2218.P002","n"
"2218.P003","n"
"2227.P001","n"
"2227.P002","n"
"2227.P003","n"
"2235.P001","n"
"2235.P002","n"
"2235.P003","y"
"2236.P001","n"
"2236.P002","n"
"2236.P003","y"
"2250.P001","n"
"2250.P002","n"
"2250.P003","n"
"2253.P001","n"
"2253.P002","n"
"2253.P003","n"
"2262.P001","n"
"2262.P002","n"
"2262.P003","n"
"2274.P001","n"
"2274.P002","n"
"2274.P003","y"
"2295.P001","n"
"2295.P002","n"
"2295.P003","n"
"2302.P001","n"
"2302.P002","n"
"2302.P003","n"
"2303.P001","n"
"2303.P002","n"
"2303.P003","n"
"2309.P001","n"
"2309.P002","n"
"2309.P003","n"
"2312.P001","n"
"2312.P002","n"
"2312.P003","n"
"2316.P001","n"
"2316.P002","n"
"2316.P003","n"
"2318.P001","n"
"2318.P002","n"
"2318.P003","n"
"2319.P001","n"
"2319.P002","n"
"2319.P003","n"
"2322.P001","n"
"2322.P002","n"
"2322.P003","n"
"2323.P001","n"
"2323.P002","n"
"2323.P003","n"
"2336.P001","n"
"2336.P002","n"
"2336.P003","n"
"2356.P001","n"
"2356.P002","n"
"2356.P003","y"
"2357.P001","n"
"2357.P002","n"
"2357.P003","y"
"2359.P001","n"
"2359.P002","n"
"2359.P003","n"
"2360.P001","n"
"2360.P002","n"
"2360.P003","n"
"2362.P001","n"
"2362.P002","n"
"2362.P003","n"
"2363.P001","n"
"2363.P002","n"
"2363.P003","n"
"2365.P001","n"
"2365.P002","n"
"2365.P003","n"
"2366.P001","n"
"2366.P002","n"
"2366.P003","n"
"2367.P001","n"
"2367.P002","n"
"2367.P003","n"
"2368.P001","n"
"2368.P002","n"
"2368.P003","n"
"2369.P001","n"
"2369.P002","n"
"2369.P003","n"
"2370.P001","n"
"2370.P002","n"
"2370.P003","n"
"2372.P001","n"
"2372.P002","n"
"2372.P003","n"
"2373.P001","n"
"2373.P002","n"
"2373.P003","n"
"2374.P001","n"
"2374.P002","n"
"2374.P003","n"
"2376.P001","n"
"2376.P002","n"
"2376.P003","n"
"2377.P001","n"
"2377.P002","n"
"2377.P003","n"
"2378.P001","n"
"2378.P002","n"
"2378.P003","n"
"2381.P001","n"
"2381.P002","n"
"2381.P003","n"
"2383.P001","n"
"2383.P002","n"
"2383.P003","n"
"2384.P001","n"
"2384.P002","n"
"2384.P003","n"
"2386.P001","n"
"2386.P002","n"
"2386.P003","n"
"2388.P001","n"
"2388.P002","n"
"2388.P003","n"
"2389.P001","n"
"2389.P002","n"
"2389.P003","n"
"2391.P001","n"
"2391.P002","n"
"2391.P003","n"
"2395.P001","n"
"2395.P002","n"
"2395.P003","n"
"2397.P001","n"
"2397.P002","n"
"2397.P003","n"
"2403.P001","n"
"2403.P002","n"
"2403.P003","y"
"2407.P001","n"
"2407.P002","n"
"2407.P003","n"
"2408.P001","n"
"2408.P002","n"
"2408.P003","n"
"2410.P001","y"
"2410.P002","n"
"2410.P003","n"
"2430.P001","n"
"2430.P002","n"
"2430.P003","n"
"2434.P001","n"
"2434.P002","n"
"2434.P003","n"
"2437.P001","n"
"2437.P002","n"
"2437.P003","n"
"2443.P001","n"
"2443.P002","n"
"2443.P003","n"
"2450.P001","n"
"2450.P002","n"
"2450.P003","n"
"2453.P001","n"
"2453.P002","n"
"2453.P003","n"
"2465.P001","n"
"2465.P002","n"
"2465.P003","y"
"2473.P001","n"
"2473.P002","n"
"2473.P003","y"
"2491.P001","n"
"2491.P002","n"
"2491.P003","n"
"2493.P001","n"
"2493.P002","n"
"2493.P003","y"
"2495.P001","n"
"2495.P002","n"
"2495.P003","y"
"2499.P001","n"
"2499.P002","n"
"2499.P003","n"
"2516.P001","n"
"2516.P002","n"
"2516.P003","n"
"2518.P001","n"
"2518.P002","n"
"2518.P003","n"
"2525.P001","n"
"2525.P002","n"
"2525.P003","n"
"2530.P001","n"
"2530.P002","n"
"2530.P003","n"
"2534.P001","n"
"2534.P002","n"
"2534.P003","n"
"2539.P001","n"
"2539.P002","n"
"2539.P003","n"
"2551.P001","n"
"2551.P002","n"
"2551.P003","n"
"2558.P001","n"
"2558.P002","n"
"2558.P003","y"
"2561.P001","n"
"2561.P002","n"
"2561.P003","y"
"2565.P001","n"
"2565.P002","n"
"2565.P003","y"
"2567.P001","n"
"2567.P002","n"
"2567.P003","y"
"2579.P001","n"
"2579.P002","n"
"2579.P003","n"
"2582.P001","n"
"2582.P002","n"
"2582.P003","n"
"2589.P001","n"
"2589.P002","n"
"2589.P003","n"
"2593.P001","n"
"2593.P002","n"
"2593.P003","n"
"2594.P001","n"
"2594.P002","n"
"2594.P003","n"
"2596.P001","n"
"2596.P002","n"
"2596.P003","n"
"2597.P001","n"
"2597.P002","n"
"2597.P003","n"
"2598.P001","n"
"2598.P002","n"
"2598.P003","n"
"2600.P001","n"
"2600.P002","n"
"2600.P003","n"
"2603.P001","n"
"2603.P002","n"
"2603.P003","y"
"2611.P001","n"
"2611.P002","n"
"2611.P003","n"
"2619.P001","n"
"2619.P002","n"
"2619.P003","n"
"2621.P001","n"
"2621.P002","n"
"2621.P003","n"
"2623.P001","n"
"2623.P002","n"
"2623.P003","n"
"2636.P001","n"
"2636.P002","n"
"2636.P003","y"
"2637.P001","n"
"2637.P002","n"
"2637.P003","n"
"2640.P001","n"
"2640.P002","n"
"2640.P003","n"
"2641.P001","n"
"2641.P002","n"
"2641.P003","n"
"2642.P001","n"
"2642.P002","n"
"2642.P003","n"
"2645.P001","n"
"2645.P002","n"
"2645.P003","n"
"2646.P001","n"
"2646.P002","n"
"2646.P003","n"
"2648.P001","n"
"2648.P002","n"
"2648.P003","n"
"2652.P001","n"
"2652.P002","n"
"2652.P003","n"
"2654.P001","n"
"2654.P002","n"
"2654.P003","n"
"2656.P001","n"
"2656.P002","n"
"2656.P003","y"
"2668.P001","n"
"2668.P002","n"
"2668.P003","n"
"2670.P001","n"
"2670.P002","n"
"2670.P003","n"
"2672.P001","n"
"2672.P002","n"
"2672.P003","n"
"2673.P001","n"
"2673.P002","n"
"2673.P003","n"
"2678.P001","n"
"2678.P002","n"
"2678.P003","y"
"2683.P001","n"
"2683.P002","n"
"2683.P003","y"
"2688.P001","n"
"2688.P002","n"
"2688.P003","n"
"2689.P001","n"
"2689.P002","n"
"2689.P003","n"
"2690.P001","n"
"2690.P002","n"
"2690.P003","n"
"2692.P001","n"
"2692.P002","n"
"2692.P003","n"
"2693.P001","n"
"2693.P002","n"
"2693.P003","n"
"2695.P001","n"
"2695.P002","n"
"2695.P003","n"
"2696.P001","n"
"2696.P002","n"
"2696.P003","n"
"2699.P001","n"
"2699.P002","n"
"2699.P003","n"
"2701.P001","n"
"2701.P002","n"
"2701.P003","n"
"2704.P001","n"
"2704.P002","n"
"2704.P003","y"
"2709.P001","y"
"2709.P002","n"
"2709.P003","n"
"2712.P001","n"
"2712.P002","n"
"2712.P003","n"
"2717.P001","n"
"2717.P002","n"
"2717.P003","n"
"2722.P001","n"
"2722.P002","n"
"2722.P003","n"
"2725.P001","n"
"2725.P002","n"
"2725.P003","n"
"2726.P001","n"
"2726.P002","n"
"2726.P003","n"
"2727.P001","n"
"2727.P002","n"
"2727.P003","n"
"2729.P001","n"
"2729.P002","n"
"2729.P003","n"
"2733.P001","n"
"2733.P002","n"
"2733.P003","y"
"2734.P001","n"
"2734.P002","n"
"2734.P003","y"
"2741.P001","n"
"2741.P002","n"
"2741.P003","n"
"2744.P001","n"
"2744.P002","n"
"2744.P003","n"
"2747.P001","y"
"2747.P002","n"
"2747.P003","n"
"2754.P001","n"
"2754.P002","n"
"2754.P003","n"
"2765.P001","n"
"2765.P002","n"
"2765.P003","y"
"2770.P001","n"
"2770.P002","n"
"2770.P003","y"
"2777.P001","n"
"2777.P002","n"
"2777.P003","n"
"2779.P001","n"
"2779.P002","n"
"2779.P003","y"
"2785.P001","n"
"2785.P002","n"
"2785.P003","y"
"2787.P001","n"
"2787.P002","n"
"2787.P003","y"
"2790.P001","n"
"2790.P002","n"
"2790.P003","n"
"2792.P001","n"
"2792.P002","n"
"2792.P003","y"
"2793.P001","n"
"2793.P002","n"
"2793.P003","n"
"2795.P001","n"
"2795.P002","n"
"2795.P003","y"
"2797.P001","n"
"2797.P002","n"
"2797.P003","n"
"2798.P001","n"
"2798.P002","n"
"2798.P003","n"
"2800.P001","n"
"2800.P002","n"
"2800.P003","y"
"2803.P001","n"
"2803.P002","n"
"2803.P003","y"
"2808.P001","n"
"2808.P002","n"
"2808.P003","n"
"2813.P001","n"
"2813.P002","n"
"2813.P003","n"
"2815.P001","y"
"2815.P002","n"
"2815.P003","n"
"2819.P001","n"
"2819.P002","n"
"2819.P003","n"
"2820.P001","n"
"2820.P002","n"
"2820.P003","n"
"2821.P001","y"
"2821.P002","n"
"2821.P003","n"
"2822.P001","n"
"2822.P002","n"
"2822.P003","n"
"2823.P001","n"
"2823.P002","n"
"2823.P003","n"
"2824.P001","n"
"2824.P002","n"
"2824.P003","n"
"2827.P001","y"
"2827.P002","n"
"2827.P003","n"
"2841.P001","n"
"2841.P002","n"
"2841.P003","y"
"2843.P001","n"
"2843.P002","n"
"2843.P003","n"
"2844.P001","n"
"2844.P002","n"
"2844.P003","n"
"2845.P001","n"
"2845.P002","n"
"2845.P003","n"
"2847.P001","n"
"2847.P002","n"
"2847.P003","n"
"2852.P001","n"
"2852.P002","n"
"2852.P003","n"
"2853.P001","n"
"2853.P002","n"
"2853.P003","n"
"2855.P001","n"
"2855.P002","n"
"2855.P003","n"
"2859.P001","n"
"2859.P002","n"
"2859.P003","n"
"2860.P001","n"
"2860.P002","n"
"2860.P003","n"
"2861.P001","n"
"2861.P002","n"
"2861.P003","n"
"3000.P001","n"
"3000.P002","n"
"3000.P003","n"
"3004.P001","n"
"3004.P002","n"
"3004.P003","n"
"3005.P001","n"
"3005.P002","n"
"3005.P003","n"
"3008.P001","n"
"3008.P002","n"
"3008.P003","n"
"3009.P001","n"
"3009.P002","n"
"3009.P003","n"
"3010.P001","n"
"3010.P002","n"
"3010.P003","n"
"3023.P001","n"
"3023.P002","n"
"3023.P003","n"
"3028.P001","n"
"3028.P002","n"
"3028.P003","n"
"3033.P001","n"
"3033.P002","n"
"3033.P003","n"
"3068.P001","n"
"3068.P002","n"
"3068.P003","y"
"3069.P001","y"
"3069.P002","n"
"3069.P003","n"
"3070.P001","y"
"3070.P002","n"
"3070.P003","n"
"3079.P001","n"
"3079.P002","y"
"3079.P003","n"
"3080.P001","n"
"3080.P002","n"
"3080.P003","n"
"3086.P001","n"
"3086.P002","n"
"3086.P003","n"
"3089.P001","n"
"3089.P002","n"
"3089.P003","n"
"3093.P001","n"
"3093.P002","n"
"3093.P003","n"
"3101.P001","n"
"3101.P002","n"
"3101.P003","n"
"3102.P001","n"
"3102.P002","n"
"3102.P003","n"
"3104.P001","n"
"3104.P002","n"
"3104.P003","n"
"3105.P001","n"
"3105.P002","n"
"3105.P003","n"
"3121.P001","n"
"3121.P002","n"
"3121.P003","n"
"3122.P001","n"
"3122.P002","n"
"3122.P003","n"
"3125.P001","n"
"3125.P002","n"
"3125.P003","n"
"3128.P001","n"
"3128.P002","n"
"3128.P003","n"
"3130.P001","n"
"3130.P002","n"
"3130.P003","n"
"3133.P001","n"
"3133.P002","n"
"3133.P003","n"
"3138.P001","n"
"3138.P002","n"
"3138.P003","y"
"3139.P001","n"
"3139.P002","n"
"3139.P003","n"
"3140.P001","n"
"3140.P002","n"
"3140.P003","n"
"3141.P001","n"
"3141.P002","n"
"3141.P003","n"
"3142.P001","n"
"3142.P002","n"
"3142.P003","n"
"3144.P001","n"
"3144.P002","n"
"3144.P003","n"
"3145.P001","n"
"3145.P002","n"
"3145.P003","n"
"3147.P001","n"
"3147.P002","n"
"3147.P003","n"
"3149.P001","n"
"3149.P002","n"
"3149.P003","n"
"3152.P001","n"
"3152.P002","n"
"3152.P003","n"
"3153.P001","n"
"3153.P002","n"
"3153.P003","n"
"3156.P001","n"
"3156.P002","n"
"3156.P003","n"
"3159.P001","n"
"3159.P002","n"
"3159.P003","n"
"3166.P001","n"
"3166.P002","n"
"3166.P003","n"
"3167.P001","n"
"3167.P002","n"
"3167.P003","n"
"3175.P001","n"
"3175.P002","n"
"3175.P003","n"
"3177.P001","n"
"3177.P002","n"
"3177.P003","n"
"3178.P001","n"
"3178.P002","n"
"3178.P003","n"
"3186.P001","n"
"3186.P002","n"
"3186.P003","n"
"3188.P001","n"
"3188.P002","n"
"3188.P003","n"
"3193.P001","n"
"3193.P002","n"
"3193.P003","n"
"3195.P001","n"
"3195.P002","n"
"3195.P003","n"
"3197.P001","n"
"3197.P002","n"
"3197.P003","n"
"3200.P001","n"
"3200.P002","n"
"3200.P003","n"
"3202.P001","n"
"3202.P002","n"
"3202.P003","n"
"3203.P001","n"
"3203.P002","n"
"3203.P003","n"
"3206.P001","n"
"3206.P002","n"
"3206.P003","n"
"3207.P001","n"
"3207.P002","n"
"3207.P003","n"
"3208.P001","n"
"3208.P002","n"
"3208.P003","n"
"3213.P001","n"
"3213.P002","n"
"3213.P003","n"
"3214.P001","n"
"3214.P002","n"
"3214.P003","n"
"3215.P001","n"
"3215.P002","n"
"3215.P003","n"
"3219.P001","n"
"3219.P002","n"
"3219.P003","n"
"3220.P001","n"
"3220.P002","n"
"3220.P003","n"
"3221.P001","n"
"3221.P002","n"
"3221.P003","n"
"3222.P001","n"
"3222.P002","n"
"3222.P003","n"
"3224.P001","n"
"3224.P002","n"
"3224.P003","n"
"3225.P001","n"
"3225.P002","n"
"3225.P003","n"
"3226.P001","n"
"3226.P002","n"
"3226.P003","n"
"3256.P001","y"
"3256.P002","n"
"3256.P003","n"
"3257.P001","y"
"3257.P002","n"
"3257.P003","n"
"3282.P001","n"
"3282.P002","n"
"3282.P003","y"
"3283.P001","n"
"3283.P002","n"
"3283.P003","y"
"3286.P001","n"
"3286.P002","n"
"3286.P003","n"
"3298.P001","n"
"3298.P002","n"
"3298.P003","n"
"3299.P001","n"
"3299.P002","n"
"3299.P003","n"
"3301.P001","n"
"3301.P002","n"
"3301.P003","n"
"3303.P001","n"
"3303.P002","n"
"3303.P003","n"
"3305.P001","n"
"3305.P002","n"
"3305.P003","n"
"3309.P001","n"
"3309.P002","n"
"3309.P003","n"
"3316.P001","n"
"3316.P002","n"
"3316.P003","n"
"3317.P001","n"
"3317.P002","n"
"3317.P003","n"
"3318.P001","n"
"3318.P002","n"
"3318.P003","n"
"3319.P001","n"
"3319.P002","n"
"3319.P003","n"
"3322.P001","n"
"3322.P002","n"
"3322.P003","n"
"3324.P001","n"
"3324.P002","n"
"3324.P003","n"
"3325.P001","n"
"3325.P002","n"
"3325.P003","n"
"3326.P001","n"
"3326.P002","n"
"3326.P003","n"
"3327.P001","n"
"3327.P002","n"
"3327.P003","n"
"3339.P001","n"
"3339.P002","n"
"3339.P003","y"
"3342.P001","n"
"3342.P002","n"
"3342.P003","y"
"3343.P001","n"
"3343.P002","n"
"3343.P003","n"
"3345.P001","n"
"3345.P002","n"
"3345.P003","n"
"3346.P001","n"
"3346.P002","n"
"3346.P003","n"
"3350.P001","n"
"3350.P002","n"
"3350.P003","n"
"3359.P001","n"
"3359.P002","n"
"3359.P003","n"
"3361.P001","n"
"3361.P002","n"
"3361.P003","y"
"3362.P001","n"
"3362.P002","n"
"3362.P003","y"
"3394.P001","n"
"3394.P002","n"
"3394.P003","n"
"3396.P001","n"
"3396.P002","n"
"3396.P003","n"
"3406.P001","n"
"3406.P002","n"
"3406.P003","n"
"3428.P001","n"
"3428.P002","n"
"3428.P003","n"
"3431.P001","n"
"3431.P002","n"
"3431.P003","n"
"3433.P001","n"
"3433.P002","n"
"3433.P003","n"
"3438.P001","n"
"3438.P002","n"
"3438.P003","n"
"3439.P001","n"
"3439.P002","n"
"3439.P003","n"
"3441.P001","n"
"3441.P002","n"
"3441.P003","n"
"3443.P001","n"
"3443.P002","n"
"3443.P003","n"
"3448.P001","n"
"3448.P002","n"
"3448.P003","n"
"3458.P001","n"
"3458.P002","n"
"3458.P003","n"
"3479.P001","n"
"3479.P002","n"
"3479.P003","n"
"3480.P001","n"
"3480.P002","n"
"3480.P003","n"
"3481.P001","n"
"3481.P002","n"
"3481.P003","n"
"3482.P001","n"
"3482.P002","n"
"3482.P003","n"
"3483.P001","n"
"3483.P002","n"
"3483.P003","n"
"3484.P001","n"
"3484.P002","n"
"3484.P003","n"
"3491.P001","n"
"3491.P002","n"
"3491.P003","n"
"3498.P001","n"
"3498.P002","n"
"3498.P003","n"
"3501.P001","n"
"3501.P002","n"
"3501.P003","n"
"3502.P001","n"
"3502.P002","n"
"3502.P003","n"
"3506.P001","n"
"3506.P002","n"
"3506.P003","n"
"3508.P001","n"
"3508.P002","n"
"3508.P003","n"
"3509.P001","n"
"3509.P002","n"
"3509.P003","n"
"3518.P001","n"
"3518.P002","n"
"3518.P003","n"
"3519.P001","n"
"3519.P002","n"
"3519.P003","n"
"3525.P001","n"
"3525.P002","n"
"3525.P003","n"
"3528.P001","n"
"3528.P002","n"
"3528.P003","n"
"3529.P001","n"
"3529.P002","n"
"3529.P003","n"
"3530.P001","n"
"3530.P002","n"
"3530.P003","n"
"3532.P001","n"
"3532.P002","n"
"3532.P003","n"
"3534.P001","n"
"3534.P002","n"
"3534.P003","n"
"3536.P001","n"
"3536.P002","n"
"3536.P003","n"
"3538.P001","n"
"3538.P002","n"
"3538.P003","n"
"3539.P001","n"
"3539.P002","n"
"3539.P003","n"
"3543.P001","n"
"3543.P002","n"
"3543.P003","n"
"3544.P001","n"
"3544.P002","n"
"3544.P003","n"
"3546.P001","n"
"3546.P002","n"
"3546.P003","n"
"3548.P001","n"
"3548.P002","n"
"3548.P003","n"
"3549.P001","n"
"3549.P002","n"
"3549.P003","n"
"3554.P001","n"
"3554.P002","n"
"3554.P003","n"
"3555.P001","n"
"3555.P002","n"
"3555.P003","n"
"3559.P001","n"
"3559.P002","n"
"3559.P003","n"
"3561.P001","n"
"3561.P002","n"
"3561.P003","n"
"3563.P001","n"
"3563.P002","n"
"3563.P003","n"
"3566.P001","n"
"3566.P002","n"
"3566.P003","n"
"3567.P001","n"
"3567.P002","n"
"3567.P003","n"
"3569.P001","n"
"3569.P002","n"
"3569.P003","n"
"3574.P001","n"
"3574.P002","n"
"3574.P003","n"
"3576.P001","n"
"3576.P002","n"
"3576.P003","n"
"3578.P001","n"
"3578.P002","n"
"3578.P003","n"
"3579.P001","n"
"3579.P002","n"
"3579.P003","n"
"3581.P001","n"
"3581.P002","n"
"3581.P003","n"
"3585.P001","n"
"3585.P002","n"
"3585.P003","n"
"3586.P001","n"
"3586.P002","n"
"3586.P003","n"
"3597.P001","n"
"3597.P002","n"
"3597.P003","n"
"3599.P001","n"
"3599.P002","n"
"3599.P003","n"
"3600.P001","n"
"3600.P002","n"
"3600.P003","n"
"3601.P001","n"
"3601.P002","n"
"3601.P003","n"
"3602.P001","n"
"3602.P002","n"
"3602.P003","n"
"3603.P001","n"
"3603.P002","n"
"3603.P003","n"
"3618.P001","n"
"3618.P002","n"
"3618.P003","n"
"3625.P001","n"
"3625.P002","n"
"3625.P003","n"
"3626.P001","n"
"3626.P002","n"
"3626.P003","n"
"3632.P001","n"
"3632.P002","n"
"3632.P003","n"
"3637.P001","n"
"3637.P002","n"
"3637.P003","n"
"3638.P001","n"
"3638.P002","n"
"3638.P003","n"
"3643.P001","n"
"3643.P002","n"
"3643.P003","n"
"3650.P001","n"
"3650.P002","n"
"3650.P003","n"
"3651.P001","n"
"3651.P002","n"
"3651.P003","n"
"3653.P001","n"
"3653.P002","n"
"3653.P003","n"
"3655.P001","n"
"3655.P002","n"
"3655.P003","n"
"3656.P001","n"
"3656.P002","n"
"3656.P003","n"
"3659.P001","n"
"3659.P002","n"
"3659.P003","n"
"3660.P001","n"
"3660.P002","n"
"3660.P003","n"
"3663.P001","n"
"3663.P002","n"
"3663.P003","n"
"3665.P001","n"
"3665.P002","n"
"3665.P003","n"
"3666.P001","n"
"3666.P002","n"
"3666.P003","n"
"3670.P001","n"
"3670.P002","n"
"3670.P003","n"
"3672.P001","n"
"3672.P002","n"
"3672.P003","n"
"3675.P001","n"
"3675.P002","n"
"3675.P003","n"
"3676.P001","n"
"3676.P002","n"
"3676.P003","n"
"3677.P001","n"
"3677.P002","n"
"3677.P003","n"
"3678.P001","n"
"3678.P002","n"
"3678.P003","n"
"3679.P001","n"
"3679.P002","n"
"3679.P003","n"
"3680.P001","n"
"3680.P002","n"
"3680.P003","n"
"3681.P001","n"
"3681.P002","n"
"3681.P003","n"
"3682.P001","n"
"3682.P002","n"
"3682.P003","n"
"3685.P001","n"
"3685.P002","n"
"3685.P003","n"
"3693.P001","n"
"3693.P002","n"
"3693.P003","n"
"3694.P001","n"
"3694.P002","n"
"3694.P003","n"
"3695.P001","n"
"3695.P002","n"
"3695.P003","n"
"3696.P001","n"
"3696.P002","n"
"3696.P003","n"
"3699.P001","n"
"3699.P002","n"
"3699.P003","n"
"3702.P001","n"
"3702.P002","n"
"3702.P003","n"
"3706.P001","n"
"3706.P002","n"
"3706.P003","n"
"3707.P001","n"
"3707.P002","n"
"3707.P003","n"
"3708.P001","n"
"3708.P002","n"
"3708.P003","n"
"3709.P001","n"
"3709.P002","n"
"3709.P003","n"
"3711.P001","n"
"3711.P002","n"
"3711.P003","n"
"3715.P001","n"
"3715.P002","n"
"3715.P003","n"
"3717.P001","n"
"3717.P002","n"
"3717.P003","n"
"3718.P001","n"
"3718.P002","n"
"3718.P003","n"
"3723.P001","n"
"3723.P002","n"
"3723.P003","n"
"3726.P001","n"
"3726.P002","n"
"3726.P003","n"
"3727.P001","n"
"3727.P002","n"
"3727.P003","n"
"3728.P001","n"
"3728.P002","n"
"3728.P003","n"
"3729.P001","n"
"3729.P002","n"
"3729.P003","n"
"3730.P001","n"
"3730.P002","n"
"3730.P003","n"
"3731.P001","n"
"3731.P002","n"
"3731.P003","n"
"3732.P001","n"
"3732.P002","n"
"3732.P003","n"
"3733.P001","n"
"3733.P002","n"
"3733.P003","n"
"3734.P001","n"
"3734.P002","n"
"3734.P003","n"
"3742.P001","n"
"3742.P002","n"
"3742.P003","n"
"3743.P001","n"
"3743.P002","n"
"3743.P003","n"
"3749.P001","n"
"3749.P002","n"
"3749.P003","n"
"3750.P001","n"
"3750.P002","n"
"3750.P003","n"
"3752.P001","n"
"3752.P002","n"
"3752.P003","n"
"3753.P001","n"
"3753.P002","n"
"3753.P003","n"
"3755.P001","n"
"3755.P002","n"
"3755.P003","n"
"3758.P001","n"
"3758.P002","n"
"3758.P003","n"
"3759.P001","n"
"3759.P002","n"
"3759.P003","n"
"3760.P001","n"
"3760.P002","n"
"3760.P003","n"
"3761.P001","n"
"3761.P002","n"
"3761.P003","n"
"3762.P001","n"
"3762.P002","n"
"3762.P003","n"
"3764.P001","n"
"3764.P002","n"
"3764.P003","n"
"3766.P001","n"
"3766.P002","n"
"3766.P003","n"
"3767.P001","n"
"3767.P002","n"
"3767.P003","n"
"3768.P001","n"
"3768.P002","n"
"3768.P003","n"
"3770.P001","n"
"3770.P002","n"
"3770.P003","n"
"3772.P001","n"
"3772.P002","n"
"3772.P003","n"
"3773.P001","n"
"3773.P002","n"
"3773.P003","n"
"3775.P001","n"
"3775.P002","n"
"3775.P003","n"
"3776.P001","n"
"3776.P002","n"
"3776.P003","n"
"3778.P001","n"
"3778.P002","n"
"3778.P003","n"
"3779.P001","n"
"3779.P002","n"
"3779.P003","n"
"3780.P001","n"
"3780.P002","n"
"3780.P003","n"
"3781.P001","n"
"3781.P002","n"
"3781.P003","n"
"3784.P001","n"
"3784.P002","n"
"3784.P003","n"
"3788.P001","n"
"3788.P002","n"
"3788.P003","n"
"3789.P001","n"
"3789.P002","n"
"3789.P003","n"
"3791.P001","n"
"3791.P002","n"
"3791.P003","n"
"3792.P001","n"
"3792.P002","n"
"3792.P003","n"
"3793.P001","n"
"3793.P002","n"
"3793.P003","n"
"3795.P001","n"
"3795.P002","n"
"3795.P003","n"
"3801.P001","n"
"3801.P002","n"
"3801.P003","n"
"3806.P001","n"
"3806.P002","n"
"3806.P003","n"
"3807.P001","n"
"3807.P002","n"
"3807.P003","n"
"3810.P001","n"
"3810.P002","n"
"3810.P003","n"
"3815.P001","n"
"3815.P002","n"
"3815.P003","n"
"3816.P001","n"
"3816.P002","n"
"3816.P003","n"
"3818.P001","n"
"3818.P002","n"
"3818.P003","n"
"3820.P001","n"
"3820.P002","n"
"3820.P003","n"
"3825.P001","n"
"3825.P002","n"
"3825.P003","n"
"3826.P001","n"
"3826.P002","n"
"3826.P003","n"
"3832.P001","n"
"3832.P002","n"
"3832.P003","n"
"3839.P001","n"
"3839.P002","n"
"3839.P003","n"
"3840.P001","n"
"3840.P002","n"
"3840.P003","n"
"3847.P001","n"
"3847.P002","n"
"3847.P003","n"
"3849.P001","n"
"3849.P002","n"
"3849.P003","n"
"3850.P001","n"
"3850.P002","n"
"3850.P003","n"
"3857.P001","n"
"3857.P002","n"
"3857.P003","n"
"3862.P001","n"
"3862.P002","n"
"3862.P003","n"
"3863.P001","n"
"3863.P002","n"
"3863.P003","n"
"3864.P001","n"
"3864.P002","n"
"3864.P003","n"
"3867.P001","n"
"3867.P002","n"
"3867.P003","n"
"3868.P001","n"
"3868.P002","n"
"3868.P003","n"
"3869.P001","n"
"3869.P002","n"
"3869.P003","n"
"3870.P001","n"
"3870.P002","n"
"3870.P003","n"
"3872.P001","n"
"3872.P002","n"
"3872.P003","n"
"3873.P001","n"
"3873.P002","n"
"3873.P003","n"
"3874.P001","n"
"3874.P002","n"
"3874.P003","n"
"3875.P001","n"
"3875.P002","n"
"3875.P003","n"
"3878.P001","n"
"3878.P002","n"
"3878.P003","n"
"3879.P001","n"
"3879.P002","n"
"3879.P003","n"
"3883.P001","n"
"3883.P002","n"
"3883.P003","n"
"3884.P001","n"
"3884.P002","n"
"3884.P003","n"
"3886.P001","n"
"3886.P002","n"
"3886.P003","n"
"3887.P001","n"
"3887.P002","n"
"3887.P003","n"
"3890.P001","n"
"3890.P002","n"
"3890.P003","n"
"3892.P001","n"
"3892.P002","n"
"3892.P003","n"
"3893.P001","n"
"3893.P002","n"
"3893.P003","n"
"3895.P001","n"
"3895.P002","n"
"3895.P003","n"
"3899.P001","n"
"3899.P002","n"
"3899.P003","n"
"3902.P001","n"
"3902.P002","n"
"3902.P003","n"
"3903.P001","n"
"3903.P002","n"
"3903.P003","n"
"3904.P001","n"
"3904.P002","n"
"3904.P003","n"
"3905.P001","n"
"3905.P002","n"
"3905.P003","n"
"3909.P001","n"
"3909.P002","n"
"3909.P003","n"
"3910.P001","n"
"3910.P002","n"
"3910.P003","n"
"3911.P001","n"
"3911.P002","n"
"3911.P003","n"
"3913.P001","n"
"3913.P002","n"
"3913.P003","n"
"3914.P001","n"
"3914.P002","n"
"3914.P003","n"
"3915.P001","n"
"3915.P002","n"
"3915.P003","n"
"3918.P001","n"
"3918.P002","n"
"3918.P003","n"
"3921.P001","n"
"3921.P002","n"
"3921.P003","n"
"3922.P001","n"
"3922.P002","n"
"3922.P003","n"
"3923.P001","n"
"3923.P002","n"
"3923.P003","n"
"3924.P001","n"
"3924.P002","n"
"3924.P003","n"
"3927.P001","n"
"3927.P002","n"
"3927.P003","n"
"3928.P001","n"
"3928.P002","n"
"3928.P003","n"
"3929.P001","n"
"3929.P002","n"
"3929.P003","n"
"3932.P001","n"
"3932.P002","n"
"3932.P003","n"
"3939.P001","n"
"3939.P002","n"
"3939.P003","n"
"3944.P001","n"
"3944.P002","n"
"3944.P003","n"
"3945.P001","n"
"3945.P002","n"
"3945.P003","n"
"3946.P001","n"
"3946.P002","n"
"3946.P003","n"
"3947.P001","n"
"3947.P002","n"
"3947.P003","n"
"3948.P001","n"
"3948.P002","n"
"3948.P003","n"
"3949.P001","n"
"3949.P002","n"
"3949.P003","n"
"3950.P001","n"
"3950.P002","n"
"3950.P003","n"
"3951.P001","n"
"3951.P002","n"
"3951.P003","n"
"3954.P001","n"
"3954.P002","n"
"3954.P003","n"
"3955.P001","n"
"3955.P002","n"
"3955.P003","n"
"3957.P001","n"
"3957.P002","n"
"3957.P003","n"
"3960.P001","n"
"3960.P002","n"
"3960.P003","n"
"3976.P001","n"
"3976.P002","n"
"3976.P003","n"
"3983.P001","n"
"3983.P002","n"
"3983.P003","n"
"3985.P001","n"
"3985.P002","n"
"3985.P003","n"
"4018.P001","n"
"4018.P002","n"
"4018.P003","n"
"4023.P001","n"
"4023.P002","n"
"4023.P003","n"
"4027.P001","n"
"4027.P002","n"
"4027.P003","n"
"4035.P001","n"
"4035.P002","n"
"4035.P003","n"
"4036.P001","n"
"4036.P002","n"
"4036.P003","n"
"4039.P001","n"
"4039.P002","n"
"4039.P003","n"
"4040.P001","n"
"4040.P002","n"
"4040.P003","n"
"4041.P001","n"
"4041.P002","n"
"4041.P003","n"
"4049.P001","n"
"4049.P002","n"
"4049.P003","n"
"4062.P001","n"
"4062.P002","n"
"4062.P003","n"
"4064.P001","n"
"4064.P002","n"
"4064.P003","n"
"4069.P001","n"
"4069.P002","n"
"4069.P003","n"
"4076.P001","n"
"4076.P002","n"
"4076.P003","n"
"4083.P001","n"
"4083.P002","n"
"4083.P003","n"
"4090.P001","n"
"4090.P002","n"
"4090.P003","n"
"4092.P001","n"
"4092.P002","n"
"4092.P003","n"
"4095.P001","n"
"4095.P002","n"
"4095.P003","n"
"4105.P001","n"
"4105.P002","n"
"4105.P003","n"
"4113.P001","n"
"4113.P002","n"
"4113.P003","n"
"4118.P001","n"
"4118.P002","n"
"4118.P003","n"
"4120.P001","n"
"4120.P002","n"
"4120.P003","n"
"4133.P001","n"
"4133.P002","n"
"4133.P003","n"
"4139.P001","n"
"4139.P002","n"
"4139.P003","n"
"4145.P001","n"
"4145.P002","n"
"4145.P003","n"
"4146.P001","n"
"4146.P002","n"
"4146.P003","n"
"4161.P001","n"
"4161.P002","n"
"4161.P003","n"
"4164.P001","n"
"4164.P002","n"
"4164.P003","n"
"4166.P001","n"
"4166.P002","n"
"4166.P003","n"
"4167.P001","n"
"4167.P002","n"
"4167.P003","n"
"4168.P001","n"
"4168.P002","n"
"4168.P003","n"
"4172.P001","n"
"4172.P002","n"
"4172.P003","n"
"4174.P001","n"
"4174.P002","n"
"4174.P003","n"
"4180.P001","n"
"4180.P002","n"
"4180.P003","n"
"4182.P001","n"
"4182.P002","n"
"4182.P003","n"
"4183.P001","n"
"4183.P002","n"
"4183.P003","n"
"4184.P001","n"
"4184.P002","n"
"4184.P003","n"
"4186.P001","n"
"4186.P002","n"
"4186.P003","n"
"4187.P001","n"
"4187.P002","n"
"4187.P003","n"
"4190.P001","n"
"4190.P002","n"
"4190.P003","n"
"4191.P001","n"
"4191.P002","n"
"4191.P003","n"
"4193.P001","n"
"4193.P002","n"
"4193.P003","n"
"4195.P001","n"
"4195.P002","n"
"4195.P003","n"
"4196.P001","n"
"4196.P002","n"
"4196.P003","n"
"4198.P001","n"
"4198.P002","n"
"4198.P003","n"
"4200.P001","n"
"4200.P002","n"
"4200.P003","n"
"4202.P001","n"
"4202.P002","n"
"4202.P003","n"
"4204.P001","n"
"4204.P002","n"
"4204.P003","n"
"4207.P001","n"
"4207.P002","n"
"4207.P003","n"
"4208.P001","n"
"4208.P002","n"
"4208.P003","n"
"4210.P001","n"
"4210.P002","n"
"4210.P003","n"
"4212.P001","n"
"4212.P002","n"
"4212.P003","n"
"4213.P001","n"
"4213.P002","n"
"4213.P003","n"
"4214.P001","n"
"4214.P002","n"
"4214.P003","n"
"4217.P001","n"
"4217.P002","n"
"4217.P003","n"
"4221.P001","n"
"4221.P002","n"
"4221.P003","n"
"4222.P001","n"
"4222.P002","n"
"4222.P003","n"
"4225.P001","n"
"4225.P002","n"
"4225.P003","n"
"4226.P001","n"
"4226.P002","n"
"4226.P003","n"
"4228.P001","n"
"4228.P002","n"
"4228.P003","n"
"4231.P001","n"
"4231.P002","n"
"4231.P003","n"
"4235.P001","n"
"4235.P002","n"
"4235.P003","n"
"4236.P001","n"
"4236.P002","n"
"4236.P003","n"
"4237.P001","n"
"4237.P002","n"
"4237.P003","n"
"4238.P001","n"
"4238.P002","n"
"4238.P003","n"
"4240.P001","n"
"4240.P002","n"
"4240.P003","n"
"4242.P001","n"
"4242.P002","n"
"4242.P003","n"
"4244.P001","n"
"4244.P002","n"
"4244.P003","n"
"4245.P001","n"
"4245.P002","n"
"4245.P003","n"
"4247.P001","n"
"4247.P002","n"
"4247.P003","n"
"4250.P001","n"
"4250.P002","n"
"4250.P003","n"
"4253.P001","n"
"4253.P002","n"
"4253.P003","n"
"4263.P001","n"
"4263.P002","n"
"4263.P003","n"
"4266.P001","n"
"4266.P002","n"
"4266.P003","n"
"4269.P001","n"
"4269.P002","n"
"4269.P003","n"
"4272.P001","n"
"4272.P002","n"
"4272.P003","n"
"4276.P001","n"
"4276.P002","n"
"4276.P003","n"
"4277.P001","n"
"4277.P002","n"
"4277.P003","n"
"4279.P001","n"
"4279.P002","n"
"4279.P003","n"
"4280.P001","n"
"4280.P002","n"
"4280.P003","n"
"4281.P001","n"
"4281.P002","n"
"4281.P003","n"
"4282.P001","n"
"4282.P002","n"
"4282.P003","n"
"4286.P001","n"
"4286.P002","n"
"4286.P003","n"
"4292.P001","n"
"4292.P002","n"
"4292.P003","n"
"4299.P001","n"
"4299.P002","n"
"4299.P003","n"
"4301.P001","n"
"4301.P002","n"
"4301.P003","n"
"4304.P001","n"
"4304.P002","n"
"4304.P003","n"
"4312.P001","n"
"4312.P002","n"
"4312.P003","n"
"4320.P001","n"
"4320.P002","n"
"4320.P003","n"
"4327.P001","n"
"4327.P002","n"
"4327.P003","n"
"4329.P001","n"
"4329.P002","n"
"4329.P003","n"
"4331.P001","n"
"4331.P002","n"
"4331.P003","n"
"4336.P001","n"
"4336.P002","n"
"4336.P003","n"
"4340.P001","n"
"4340.P002","n"
"4340.P003","n"
"4341.P001","n"
"4341.P002","n"
"4341.P003","n"
"4342.P001","n"
"4342.P002","n"
"4342.P003","n"
"4344.P001","n"
"4344.P002","n"
"4344.P003","n"
"4345.P001","n"
"4345.P002","n"
"4345.P003","n"
"4346.P001","n"
"4346.P002","n"
"4346.P003","n"
"4348.P001","n"
"4348.P002","n"
"4348.P003","n"
"4358.P001","n"
"4358.P002","n"
"4358.P003","n"
"4360.P001","n"
"4360.P002","n"
"4360.P003","n"
"4361.P001","n"
"4361.P002","n"
"4361.P003","n"
"4365.P001","n"
"4365.P002","n"
"4365.P003","n"
"4379.P001","n"
"4379.P002","n"
"4379.P003","n"
"4382.P001","n"
"4382.P002","n"
"4382.P003","n"
"4385.P001","n"
"4385.P002","n"
"4385.P003","n"
"4386.P001","n"
"4386.P002","n"
"4386.P003","n"
"4388.P001","n"
"4388.P002","n"
"4388.P003","n"
"4401.P001","n"
"4401.P002","n"
"4401.P003","n"
"4404.P001","n"
"4404.P002","n"
"4404.P003","n"
"4405.P001","n"
"4405.P002","n"
"4405.P003","n"
"4409.P001","n"
"4409.P002","n"
"4409.P003","n"
"4412.P001","n"
"4412.P002","n"
"4412.P003","n"
"4415.P001","n"
"4415.P002","n"
"4415.P003","n"
"4416.P001","n"
"4416.P002","n"
"4416.P003","n"
"4418.P001","n"
"4418.P002","n"
"4418.P003","n"
"4420.P001","n"
"4420.P002","n"
"4420.P003","n"
"4421.P001","n"
"4421.P002","n"
"4421.P003","n"
"4424.P001","n"
"4424.P002","n"
"4424.P003","n"
"4426.P001","n"
"4426.P002","n"
"4426.P003","n"
"4431.P001","n"
"4431.P002","n"
"4431.P003","n"
"4438.P001","n"
"4438.P002","n"
"4438.P003","n"
"4442.P001","n"
"4442.P002","n"
"4442.P003","n"
"4448.P001","n"
"4448.P002","n"
"4448.P003","n"
"4449.P001","n"
"4449.P002","n"
"4449.P003","n"
"4469.P001","n"
"4469.P002","n"
"4469.P003","n"
"4470.P001","n"
"4470.P002","n"
"4470.P003","n"
"4471.P001","n"
"4471.P002","n"
"4471.P003","n"
"4473.P001","n"
"4473.P002","n"
"4473.P003","n"
"386.P001","n"
"386.P002","n"
"386.P003","n"
"389.P001","n"
"389.P002","n"
"389.P003","n"
"496.P001","n"
"496.P002","n"
"496.P003","n"
"520.P001","n"
"520.P002","n"
"520.P003","n"
"545.P001","n"
"545.P002","n"
"545.P003","n"
"637.P001","n"
"637.P002","n"
"637.P003","n"
"849.P001","n"
"849.P002","n"
"849.P003","n"
"932.P001","n"
"932.P002","n"
"932.P003","n"
"1100.P001","n"
"1100.P002","n"
"1100.P003","n"
"1157.P001","n"
"1157.P002","n"
"1157.P003","n"
"1503.P001","n"
"1503.P002","n"
"1503.P003","n"
"1589.P001","n"
"1589.P002","n"
"1589.P003","n"
"1617.P001","n"
"1617.P002","n"
"1617.P003","n"
"1633.P001","n"
"1633.P002","n"
"1633.P003","n"
"1690.P001","n"
"1690.P002","n"
"1690.P003","n"
"1705.P001","n"
"1705.P002","n"
"1705.P003","n"
"1711.P001","n"
"1711.P002","n"
"1711.P003","n"
"1716.P001","n"
"1716.P002","n"
"1716.P003","n"
"1717.P001","n"
"1717.P002","n"
"1717.P003","n"
"1721.P001","n"
"1721.P002","n"
"1721.P003","n"
"1730.P001","n"
"1730.P002","n"
"1730.P003","n"
"1740.P001","n"
"1740.P002","n"
"1740.P003","n"
"1743.P001","n"
"1743.P002","n"
"1743.P003","n"
"1746.P001","n"
"1746.P002","n"
"1746.P003","n"
"1749.P001","n"
"1749.P002","n"
"1749.P003","n"
"1756.P001","n"
"1756.P002","n"
"1756.P003","n"
"1759.P001","n"
"1759.P002","n"
"1759.P003","n"
"1768.P001","n"
"1768.P002","n"
"1768.P003","n"
"1786.P001","n"
"1786.P002","n"
"1786.P003","n"
"1795.P001","n"
"1795.P002","n"
"1795.P003","n"
"1833.P001","n"
"1833.P002","n"
"1833.P003","n"
"1888.P001","n"
"1888.P002","n"
"1888.P003","n"
"1893.P001","n"
"1893.P002","n"
"1893.P003","n"
"1954.P001","n"
"1954.P002","n"
"1954.P003","n"
"1959.P001","n"
"1959.P002","n"
"1959.P003","n"
"1962.P001","n"
"1962.P002","n"
"1962.P003","n"
"1976.P001","n"
"1976.P002","n"
"1976.P003","n"
"1982.P001","n"
"1982.P002","n"
"1982.P003","n"
"1989.P001","n"
"1989.P002","n"
"1989.P003","n"
"1990.P001","n"
"1990.P002","n"
"1990.P003","n"
"2029.P001","n"
"2029.P002","n"
"2029.P003","n"
"2038.P001","n"
"2038.P002","n"
"2038.P003","n"
"2043.P001","n"
"2043.P002","n"
"2043.P003","n"
"2057.P001","n"
"2057.P002","n"
"2057.P003","n"
"2073.P001","n"
"2073.P002","n"
"2073.P003","n"
"2077.P001","n"
"2077.P002","n"
"2077.P003","n"
"2090.P001","n"
"2090.P002","n"
"2090.P003","n"
"2095.P001","n"
"2095.P002","n"
"2095.P003","n"
"2127.P001","n"
"2127.P002","n"
"2127.P003","n"
"2166.P001","n"
"2166.P002","n"
"2166.P003","n"
"2202.P001","n"
"2202.P002","n"
"2202.P003","n"
"2204.P001","n"
"2204.P002","n"
"2204.P003","n"
"2213.P001","n"
"2213.P002","n"
"2213.P003","n"
"2246.P001","n"
"2246.P002","n"
"2246.P003","n"
"2251.P001","n"
"2251.P002","n"
"2251.P003","n"
"2252.P001","n"
"2252.P002","n"
"2252.P003","n"
"2256.P001","n"
"2256.P002","n"
"2256.P003","n"
"2288.P001","n"
"2288.P002","n"
"2288.P003","n"
"2305.P001","n"
"2305.P002","n"
"2305.P003","n"
"2331.P001","n"
"2331.P002","n"
"2331.P003","n"
"2340.P001","n"
"2340.P002","n"
"2340.P003","n"
"2341.P001","n"
"2341.P002","n"
"2341.P003","n"
"2343.P001","n"
"2343.P002","n"
"2343.P003","n"
"2346.P001","n"
"2346.P002","n"
"2346.P003","n"
"2347.P001","n"
"2347.P002","n"
"2347.P003","n"
"2406.P001","n"
"2406.P002","n"
"2406.P003","n"
"2431.P001","n"
"2431.P002","n"
"2431.P003","n"
"2432.P001","n"
"2432.P002","n"
"2432.P003","n"
"2433.P001","n"
"2433.P002","n"
"2433.P003","n"
"2435.P001","n"
"2435.P002","n"
"2435.P003","n"
"2444.P001","n"
"2444.P002","n"
"2444.P003","n"
"2447.P001","n"
"2447.P002","n"
"2447.P003","n"
"2451.P001","n"
"2451.P002","n"
"2451.P003","n"
"2455.P001","n"
"2455.P002","n"
"2455.P003","n"
"2458.P001","n"
"2458.P002","n"
"2458.P003","n"
"2463.P001","n"
"2463.P002","n"
"2463.P003","n"
"2478.P001","n"
"2478.P002","n"
"2478.P003","n"
"2494.P001","n"
"2494.P002","n"
"2494.P003","n"
"2497.P001","n"
"2497.P002","n"
"2497.P003","n"
"2498.P001","n"
"2498.P002","n"
"2498.P003","n"
"2506.P001","n"
"2506.P002","n"
"2506.P003","n"
"2510.P001","n"
"2510.P002","n"
"2510.P003","n"
"2515.P001","n"
"2515.P002","n"
"2515.P003","n"
"2517.P001","n"
"2517.P002","n"
"2517.P003","n"
"2519.P001","n"
"2519.P002","n"
"2519.P003","n"
"2520.P001","n"
"2520.P002","n"
"2520.P003","n"
"2527.P001","n"
"2527.P002","n"
"2527.P003","n"
"2531.P001","n"
"2531.P002","n"
"2531.P003","n"
"2535.P001","n"
"2535.P002","n"
"2535.P003","n"
"2537.P001","n"
"2537.P002","n"
"2537.P003","n"
"2538.P001","n"
"2538.P002","n"
"2538.P003","n"
"2540.P001","n"
"2540.P002","n"
"2540.P003","n"
"2541.P001","n"
"2541.P002","n"
"2541.P003","n"
"2542.P001","n"
"2542.P002","n"
"2542.P003","n"
"2543.P001","n"
"2543.P002","n"
"2543.P003","n"
"2544.P001","n"
"2544.P002","n"
"2544.P003","n"
"2546.P001","n"
"2546.P002","n"
"2546.P003","n"
"2570.P001","n"
"2570.P002","n"
"2570.P003","n"
"2585.P001","n"
"2585.P002","n"
"2585.P003","n"
"2591.P001","n"
"2591.P002","n"
"2591.P003","n"
"2625.P001","n"
"2625.P002","n"
"2625.P003","n"
"2628.P001","n"
"2628.P002","n"
"2628.P003","n"
"2629.P001","n"
"2629.P002","n"
"2629.P003","n"
"2630.P001","n"
"2630.P002","n"
"2630.P003","n"
"2732.P001","n"
"2732.P002","n"
"2732.P003","n"
"2799.P001","n"
"2799.P002","n"
"2799.P003","n"
"3011.P001","n"
"3011.P002","n"
"3011.P003","n"
"3060.P001","n"
"3060.P002","n"
"3060.P003","n"
"3083.P001","n"
"3083.P002","n"
"3083.P003","n"
"3085.P001","n"
"3085.P002","n"
"3085.P003","n"
"3109.P001","n"
"3109.P002","n"
"3109.P003","n"
"3237.P001","n"
"3237.P002","n"
"3237.P003","n"
"3272.P001","n"
"3272.P002","n"
"3272.P003","n"
"3290.P001","n"
"3290.P002","n"
"3290.P003","n"
"3291.P001","n"
"3291.P002","n"
"3291.P003","n"
"3341.P001","n"
"3341.P002","n"
"3341.P003","n"
"3354.P001","n"
"3354.P002","n"
"3354.P003","n"
"3459.P001","n"
"3459.P002","n"
"3459.P003","n"
"3515.P001","n"
"3515.P002","n"
"3515.P003","n"
"3594.P001","n"
"3594.P002","n"
"3594.P003","n"
"3630.P001","n"
"3630.P002","n"
"3630.P003","n"
"3735.P001","n"
"3735.P002","n"
"3735.P003","n"
"3737.P001","n"
"3737.P002","n"
"3737.P003","n"
"3785.P001","n"
"3785.P002","n"
"3785.P003","n"
"4050.P001","n"
"4050.P002","n"
"4050.P003","n"
"4053.P001","n"
"4053.P002","n"
"4053.P003","n"
"4067.P001","n"
"4067.P002","n"
"4067.P003","n"
"4075.P001","n"
"4075.P002","n"
"4075.P003","n"
"4077.P001","n"
"4077.P002","n"
"4077.P003","n"
"4078.P001","n"
"4078.P002","n"
"4078.P003","n"
"4079.P001","n"
"4079.P002","n"
"4079.P003","n"
"4096.P001","n"
"4096.P002","n"
"4096.P003","n"
"4098.P001","n"
"4098.P002","n"
"4098.P003","n"
"4103.P001","n"
"4103.P002","n"
"4103.P003","n"
"4154.P001","n"
"4154.P002","n"
"4154.P003","n"
"4179.P001","n"
"4179.P002","n"
"4179.P003","n"
"4254.P001","n"
"4254.P002","n"
"4254.P003","n"
"4285.P001","n"
"4285.P002","n"
"4285.P003","n"
"4439.P001","n"
"4439.P002","n"
"4439.P003","n"
"4440.P001","n"
"4440.P002","n"
"4440.P003","n"
"4452.P001","n"
"4452.P002","n"
"4452.P003","n"
"4455.P001","n"
"4455.P002","n"
"4455.P003","n"
"4462.P001","n"
"4462.P002","n"
"4462.P003","n"
"4477.P001","n"
"4477.P002","n"
"4477.P003","n"
"4482.P001","n"
"4482.P002","n"
"4482.P003","n"
"4483.P001","n"
"4483.P002","n"
"4483.P003","n"
"4485.P001","n"
"4485.P002","n"
"4485.P003","n"
"4488.P001","n"
"4488.P002","n"
"4488.P003","n"
"4491.P001","n"
"4491.P002","n"
"4491.P003","n"
"4492.P001","n"
"4492.P002","n"
"4492.P003","n"
"4493.P001","n"
"4493.P002","n"
"4493.P003","n"
"4495.P001","n"
"4495.P002","n"
"4495.P003","n"
"4496.P001","n"
"4496.P002","n"
"4496.P003","n"
"4500.P001","n"
"4500.P002","n"
"4500.P003","n"
"4501.P001","n"
"4501.P002","n"
"4501.P003","n"
"4502.P001","n"
"4502.P002","n"
"4502.P003","n"
"4503.P001","n"
"4503.P002","n"
"4503.P003","n"
"4504.P001","n"
"4504.P002","n"
"4504.P003","n"
"4505.P001","n"
"4505.P002","n"
"4505.P003","n"
"4507.P001","n"
"4507.P002","n"
"4507.P003","n"
"4512.P001","n"
"4512.P002","n"
"4512.P003","n"
"4513.P001","n"
"4513.P002","n"
"4513.P003","n"
"4514.P001","n"
"4514.P002","n"
"4514.P003","n"
"4516.P001","n"
"4516.P002","n"
"4516.P003","n"
"4517.P001","n"
"4517.P002","n"
"4517.P003","n"
"4520.P001","n"
"4520.P002","n"
"4520.P003","n"
"4521.P001","n"
"4521.P002","n"
"4521.P003","n"
"4522.P001","n"
"4522.P002","n"
"4522.P003","n"
"4523.P001","n"
"4523.P002","n"
"4523.P003","n"
"4524.P001","n"
"4524.P002","n"
"4524.P003","n"
"4525.P001","n"
"4525.P002","n"
"4525.P003","n"
"4527.P001","n"
"4527.P002","n"
"4527.P003","n"
"4531.P001","n"
"4531.P002","n"
"4531.P003","n"
"4532.P001","n"
"4532.P002","n"
"4532.P003","n"
"4533.P001","n"
"4533.P002","n"
"4533.P003","n"
"4535.P001","n"
"4535.P002","n"
"4535.P003","n"
"4538.P001","n"
"4538.P002","n"
"4538.P003","n"
"4540.P001","n"
"4540.P002","n"
"4540.P003","n"
"4541.P001","n"
"4541.P002","n"
"4541.P003","n"
"4543.P001","n"
"4543.P002","n"
"4543.P003","n"
"4544.P001","n"
"4544.P002","n"
"4544.P003","n"
"4547.P001","n"
"4547.P002","n"
"4547.P003","n"
"4551.P001","n"
"4551.P002","n"
"4551.P003","n"
"4554.P001","n"
"4554.P002","n"
"4554.P003","n"
"4555.P001","n"
"4555.P002","n"
"4555.P003","n"
"4556.P001","n"
"4556.P002","n"
"4556.P003","n"
"4557.P001","n"
"4557.P002","n"
"4557.P003","n"
"4562.P001","n"
"4562.P002","n"
"4562.P003","n"
"4564.P001","n"
"4564.P002","n"
"4564.P003","n"
"4565.P001","n"
"4565.P002","n"
"4565.P003","n"
"4566.P001","n"
"4566.P002","n"
"4566.P003","n"
"4569.P001","n"
"4569.P002","n"
"4569.P003","n"
"4572.P001","n"
"4572.P002","n"
"4572.P003","n"
"4573.P001","n"
"4573.P002","n"
"4573.P003","n"
"4575.P001","n"
"4575.P002","n"
"4575.P003","n"
"4576.P001","n"
"4576.P002","n"
"4576.P003","n"
"4577.P001","n"
"4577.P002","n"
"4577.P003","n"
"4579.P001","n"
"4579.P002","n"
"4579.P003","n"
"4580.P001","n"
"4580.P002","n"
"4580.P003","n"
"4581.P001","n"
"4581.P002","n"
"4581.P003","n"
"4582.P001","n"
"4582.P002","n"
"4582.P003","n"
"4585.P001","n"
"4585.P002","n"
"4585.P003","n"
"4586.P001","n"
"4586.P002","n"
"4586.P003","n"
"4588.P001","n"
"4588.P002","n"
"4588.P003","n"
"4591.P001","n"
"4591.P002","n"
"4591.P003","n"
"4593.P001","n"
"4593.P002","n"
"4593.P003","n"
"4596.P001","n"
"4596.P002","n"
"4596.P003","n"
"4605.P001","n"
"4605.P002","n"
"4605.P003","n"
"4607.P001","n"
"4607.P002","n"
"4607.P003","n"
"4612.P001","n"
"4612.P002","n"
"4612.P003","n"
"4613.P001","n"
"4613.P002","n"
"4613.P003","n"
"4614.P001","n"
"4614.P002","n"
"4614.P003","n"
"4616.P001","n"
"4616.P002","n"
"4616.P003","n"
"4622.P001","n"
"4622.P002","n"
"4622.P003","n"
"4623.P001","n"
"4623.P002","n"
"4623.P003","n"
"4631.P001","n"
"4631.P002","n"
"4631.P003","n"
"4632.P001","n"
"4632.P002","n"
"4632.P003","n"
"4633.P001","n"
"4633.P002","n"
"4633.P003","n"
"4634.P001","n"
"4634.P002","n"
"4634.P003","n"
"4637.P001","n"
"4637.P002","n"
"4637.P003","n"
"4638.P001","n"
"4638.P002","n"
"4638.P003","n"
"4639.P001","n"
"4639.P002","n"
"4639.P003","n"
"4640.P001","n"
"4640.P002","n"
"4640.P003","n"
"4641.P001","n"
"4641.P002","n"
"4641.P003","n"
"4649.P001","n"
"4649.P002","n"
"4649.P003","n"
"4650.P001","n"
"4650.P002","n"
"4650.P003","n"
"4651.P001","n"
"4651.P002","n"
"4651.P003","n"
"4652.P001","n"
"4652.P002","n"
"4652.P003","n"
"4657.P001","n"
"4657.P002","n"
"4657.P003","n"
"4658.P001","n"
"4658.P002","n"
"4658.P003","n"
"4660.P001","n"
"4660.P002","n"
"4660.P003","n"
"4662.P001","n"
"4662.P002","n"
"4662.P003","n"
"4663.P001","n"
"4663.P002","n"
"4663.P003","n"
"4666.P001","n"
"4666.P002","n"
"4666.P003","n"
"4667.P001","n"
"4667.P002","n"
"4667.P003","n"
"4669.P001","n"
"4669.P002","n"
"4669.P003","n"
"4670.P001","n"
"4670.P002","n"
"4670.P003","n"
"4672.P001","n"
"4672.P002","n"
"4672.P003","n"
"4676.P001","n"
"4676.P002","n"
"4676.P003","n"
"4678.P001","n"
"4678.P002","n"
"4678.P003","n"
"4679.P001","n"
"4679.P002","n"
"4679.P003","n"
"4680.P001","n"
"4680.P002","n"
"4680.P003","n"
"4683.P001","n"
"4683.P002","n"
"4683.P003","n"
"4684.P001","n"
"4684.P002","n"
"4684.P003","n"
"4686.P001","n"
"4686.P002","n"
"4686.P003","n"
"4689.P001","n"
"4689.P002","n"
"4689.P003","n"
"4690.P001","n"
"4690.P002","n"
"4690.P003","n"
"4691.P001","n"
"4691.P002","n"
"4691.P003","n"
"4705.P001","n"
"4705.P002","n"
"4705.P003","n"
"4708.P001","n"
"4708.P002","n"
"4708.P003","n"
"4709.P001","n"
"4709.P002","n"
"4709.P003","n"
"4711.P001","n"
"4711.P002","n"
"4711.P003","n"
"4714.P001","n"
"4714.P002","n"
"4714.P003","n"
"4717.P001","n"
"4717.P002","n"
"4717.P003","n"
"4718.P001","n"
"4718.P002","n"
"4718.P003","n"
"4720.P001","n"
"4720.P002","n"
"4720.P003","n"
"4722.P001","n"
"4722.P002","n"
"4722.P003","n"
"4723.P001","n"
"4723.P002","n"
"4723.P003","n"
"4726.P001","n"
"4726.P002","n"
"4726.P003","n"
"4727.P001","n"
"4727.P002","n"
"4727.P003","n"
"4729.P001","n"
"4729.P002","n"
"4729.P003","n"
"4730.P001","n"
"4730.P002","n"
"4730.P003","n"
"4731.P001","n"
"4731.P002","n"
"4731.P003","n"
"4732.P001","n"
"4732.P002","n"
"4732.P003","n"
"4737.P001","n"
"4737.P002","n"
"4737.P003","n"
"4741.P001","n"
"4741.P002","n"
"4741.P003","n"
"4742.P001","n"
"4742.P002","n"
"4742.P003","n"
"4743.P001","n"
"4743.P002","n"
"4743.P003","n"
"4745.P001","n"
"4745.P002","n"
"4745.P003","n"
"4746.P001","n"
"4746.P002","n"
"4746.P003","n"
"4748.P001","n"
"4748.P002","n"
"4748.P003","n"
"4750.P001","n"
"4750.P002","n"
"4750.P003","n"
"4754.P001","n"
"4754.P002","n"
"4754.P003","n"
"4755.P001","n"
"4755.P002","n"
"4755.P003","n"
"4756.P001","n"
"4756.P002","n"
"4756.P003","n"
"4767.P001","n"
"4767.P002","n"
"4767.P003","n"
"4768.P001","n"
"4768.P002","n"
"4768.P003","n"
"4769.P001","n"
"4769.P002","n"
"4769.P003","n"
"4771.P001","n"
"4771.P002","n"
"4771.P003","n"
"4772.P001","n"
"4772.P002","n"
"4772.P003","n"
"4773.P001","n"
"4773.P002","n"
"4773.P003","n"
"4774.P001","n"
"4774.P002","n"
"4774.P003","n"
"4778.P001","n"
"4778.P002","n"
"4778.P003","n"
"4781.P001","n"
"4781.P002","n"
"4781.P003","n"
"4782.P001","n"
"4782.P002","n"
"4782.P003","n"
"4784.P001","n"
"4784.P002","n"
"4784.P003","n"
"4785.P001","n"
"4785.P002","n"
"4785.P003","n"
"4787.P001","n"
"4787.P002","n"
"4787.P003","n"
"4788.P001","n"
"4788.P002","n"
"4788.P003","n"
"4789.P001","n"
"4789.P002","n"
"4789.P003","n"
"4790.P001","n"
"4790.P002","n"
"4790.P003","n"
"4793.P001","n"
"4793.P002","n"
"4793.P003","n"
"4794.P001","n"
"4794.P002","n"
"4794.P003","n"
"4796.P001","n"
"4796.P002","n"
"4796.P003","n"
"4799.P001","n"
"4799.P002","n"
"4799.P003","n"
"4801.P001","n"
"4801.P002","n"
"4801.P003","n"
"4803.P001","n"
"4803.P002","n"
"4803.P003","n"
"4804.P001","n"
"4804.P002","n"
"4804.P003","n"
"4806.P001","n"
"4806.P002","n"
"4806.P003","n"
"4813.P001","n"
"4813.P002","n"
"4813.P003","n"
"4818.P001","n"
"4818.P002","n"
"4818.P003","n"
"4819.P001","n"
"4819.P002","n"
"4819.P003","n"
"4821.P001","n"
"4821.P002","n"
"4821.P003","n"
"4822.P001","n"
"4822.P002","n"
"4822.P003","n"
"4823.P001","n"
"4823.P002","n"
"4823.P003","n"
"4825.P001","n"
"4825.P002","n"
"4825.P003","n"
"4826.P001","n"
"4826.P002","n"
"4826.P003","n"
"4827.P001","n"
"4827.P002","n"
"4827.P003","n"
"4828.P001","n"
"4828.P002","n"
"4828.P003","n"
"4831.P001","n"
"4831.P002","n"
"4831.P003","n"
"4833.P001","n"
"4833.P002","n"
"4833.P003","n"
"4834.P001","n"
"4834.P002","n"
"4834.P003","n"
"4835.P001","n"
"4835.P002","n"
"4835.P003","n"
"4838.P001","n"
"4838.P002","n"
"4838.P003","n"
"4839.P001","n"
"4839.P002","n"
"4839.P003","n"
"4843.P001","n"
"4843.P002","n"
"4843.P003","n"
"4844.P001","n"
"4844.P002","n"
"4844.P003","n"
"4845.P001","n"
"4845.P002","n"
"4845.P003","n"
"4846.P001","n"
"4846.P002","n"
"4846.P003","n"
"4847.P001","n"
"4847.P002","n"
"4847.P003","n"
"4848.P001","n"
"4848.P002","n"
"4848.P003","n"
"4852.P001","n"
"4852.P002","n"
"4852.P003","n"
"4854.P001","n"
"4854.P002","n"
"4854.P003","n"
"4855.P001","n"
"4855.P002","n"
"4855.P003","n"
"4857.P001","n"
"4857.P002","n"
"4857.P003","n"
"4859.P001","n"
"4859.P002","n"
"4859.P003","n"
"4860.P001","n"
"4860.P002","n"
"4860.P003","n"
"4861.P001","n"
"4861.P002","n"
"4861.P003","n"
"4863.P001","n"
"4863.P002","n"
"4863.P003","n"
"4864.P001","n"
"4864.P002","n"
"4864.P003","n"
"4865.P001","n"
"4865.P002","n"
"4865.P003","n"
"4867.P001","n"
"4867.P002","n"
"4867.P003","n"
"4870.P001","n"
"4870.P002","n"
"4870.P003","n"
"4871.P001","n"
"4871.P002","n"
"4871.P003","n"
"4877.P001","n"
"4877.P002","n"
"4877.P003","n"
"4882.P001","n"
"4882.P002","n"
"4882.P003","n"
"4886.P001","n"
"4886.P002","n"
"4886.P003","n"
"4897.P001","n"
"4897.P002","n"
"4897.P003","n"
"4900.P001","n"
"4900.P002","n"
"4900.P003","n"
"4903.P001","n"
"4903.P002","n"
"4903.P003","n"
"4904.P001","n"
"4904.P002","n"
"4904.P003","n"
"4905.P001","n"
"4905.P002","n"
"4905.P003","n"
"4906.P001","n"
"4906.P002","n"
"4906.P003","n"
"4911.P001","n"
"4911.P002","n"
"4911.P003","n"
"4913.P001","n"
"4913.P002","n"
"4913.P003","n"
"4919.P001","n"
"4919.P002","n"
"4919.P003","n"
"4925.P001","n"
"4925.P002","n"
"4925.P003","n"
"4930.P001","n"
"4930.P002","n"
"4930.P003","n"
"4931.P001","n"
"4931.P002","n"
"4931.P003","n"
"4932.P001","n"
"4932.P002","n"
"4932.P003","n"
"4941.P001","n"
"4941.P002","n"
"4941.P003","n"
"4942.P001","n"
"4942.P002","n"
"4942.P003","n"
"4943.P001","n"
"4943.P002","n"
"4943.P003","n"
"4946.P001","n"
"4946.P002","n"
"4946.P003","n"
"4950.P001","n"
"4950.P002","n"
"4950.P003","n"
"4954.P001","n"
"4954.P002","n"
"4954.P003","n"
"4955.P001","n"
"4955.P002","n"
"4955.P003","n"
"4960.P001","n"
"4960.P002","n"
"4960.P003","n"
"4962.P001","n"
"4962.P002","n"
"4962.P003","n"
"4963.P001","n"
"4963.P002","n"
"4963.P003","n"
"4966.P001","n"
"4966.P002","n"
"4966.P003","n"
"4970.P001","n"
"4970.P002","n"
"4970.P003","n"
"4974.P001","n"
"4974.P002","n"
"4974.P003","n"
"4978.P001","n"
"4978.P002","n"
"4978.P003","n"
"4979.P001","n"
"4979.P002","n"
"4979.P003","n"
"4980.P001","n"
"4980.P002","n"
"4980.P003","n"
"4981.P001","n"
"4981.P002","n"
"4981.P003","n"
"4982.P001","n"
"4982.P002","n"
"4982.P003","n"
"4983.P001","n"
"4983.P002","n"
"4983.P003","n"
"4984.P001","n"
"4984.P002","n"
"4984.P003","n"
"4985.P001","n"
"4985.P002","n"
"4985.P003","n"
"4988.P001","n"
"4988.P002","n"
"4988.P003","n"
"4989.P001","n"
"4989.P002","n"
"4989.P003","n"
"4990.P001","n"
"4990.P002","n"
"4990.P003","n"
"4991.P001","n"
"4991.P002","n"
"4991.P003","n"
"4992.P001","n"
"4992.P002","n"
"4992.P003","n"
"4994.P001","n"
"4994.P002","n"
"4994.P003","n"
"5000.P001","n"
"5000.P002","n"
"5000.P003","n"
"5006.P001","n"
"5006.P002","n"
"5006.P003","n"
"5009.P001","n"
"5009.P002","n"
"5009.P003","n"
"5010.P001","n"
"5010.P002","n"
"5010.P003","n"
"5011.P001","n"
"5011.P002","n"
"5011.P003","n"
"5013.P001","n"
"5013.P002","n"
"5013.P003","n"
"5024.P001","n"
"5024.P002","n"
"5024.P003","n"
"5025.P001","n"
"5025.P002","n"
"5025.P003","n"
"5027.P001","n"
"5027.P002","n"
"5027.P003","n"
"5028.P001","n"
"5028.P002","n"
"5028.P003","n"
"5029.P001","n"
"5029.P002","n"
"5029.P003","n"
"5030.P001","n"
"5030.P002","n"
"5030.P003","n"
"5031.P001","n"
"5031.P002","n"
"5031.P003","n"
"5032.P001","n"
"5032.P002","n"
"5032.P003","n"
"5033.P001","n"
"5033.P002","n"
"5033.P003","n"
"5034.P001","n"
"5034.P002","n"
"5034.P003","n"
"5035.P001","n"
"5035.P002","n"
"5035.P003","n"
"5036.P001","n"
"5036.P002","n"
"5036.P003","n"
"5037.P001","n"
"5037.P002","n"
"5037.P003","n"
"5038.P001","n"
"5038.P002","n"
"5038.P003","n"
"5043.P001","n"
"5043.P002","n"
"5043.P003","n"
"5045.P001","n"
"5045.P002","n"
"5045.P003","n"
"5046.P001","n"
"5046.P002","n"
"5046.P003","n"
"5047.P001","n"
"5047.P002","n"
"5047.P003","n"
"5048.P001","n"
"5048.P002","n"
"5048.P003","n"
"5049.P001","n"
"5049.P002","n"
"5049.P003","n"
"5050.P001","n"
"5050.P002","n"
"5050.P003","n"
"5051.P001","n"
"5051.P002","n"
"5051.P003","n"
"5052.P001","n"
"5052.P002","n"
"5052.P003","n"
"5053.P001","n"
"5053.P002","n"
"5053.P003","n"
"5054.P001","n"
"5054.P002","n"
"5054.P003","n"
"5055.P001","n"
"5055.P002","n"
"5055.P003","n"
"5056.P001","n"
"5056.P002","n"
"5056.P003","n"
"5057.P001","n"
"5057.P002","n"
"5057.P003","n"
"5058.P001","n"
"5058.P002","n"
"5058.P003","n"
"5059.P001","n"
"5059.P002","n"
"5059.P003","n"
"5060.P001","n"
"5060.P002","n"
"5060.P003","n"
"5062.P001","n"
"5062.P002","n"
"5062.P003","n"
"5064.P001","n"
"5064.P002","n"
"5064.P003","n"
"5065.P001","n"
"5065.P002","n"
"5065.P003","n"
"5067.P001","n"
"5067.P002","n"
"5067.P003","n"
"5069.P001","n"
"5069.P002","n"
"5069.P003","n"
"5070.P001","n"
"5070.P002","n"
"5070.P003","n"
"5071.P001","n"
"5071.P002","n"
"5071.P003","n"
"5072.P001","n"
"5072.P002","n"
"5072.P003","n"
"5073.P001","n"
"5073.P002","n"
"5073.P003","n"
"5074.P001","n"
"5074.P002","n"
"5074.P003","n"
"5075.P001","n"
"5075.P002","n"
"5075.P003","n"
"5076.P001","n"
"5076.P002","n"
"5076.P003","n"
"5077.P001","n"
"5077.P002","n"
"5077.P003","n"
"5078.P001","n"
"5078.P002","n"
"5078.P003","n"
"5082.P001","n"
"5082.P002","n"
"5082.P003","n"
"5083.P001","n"
"5083.P002","n"
"5083.P003","n"
"5084.P001","n"
"5084.P002","n"
"5084.P003","n"
"5085.P001","n"
"5085.P002","n"
"5085.P003","n"
"5086.P001","n"
"5086.P002","n"
"5086.P003","n"
"5087.P001","n"
"5087.P002","n"
"5087.P003","n"
"5088.P001","n"
"5088.P002","n"
"5088.P003","n"
"5089.P001","n"
"5089.P002","n"
"5089.P003","n"
"5091.P001","n"
"5091.P002","n"
"5091.P003","n"
"5092.P001","n"
"5092.P002","n"
"5092.P003","n"
"5093.P001","n"
"5093.P002","n"
"5093.P003","n"
"5094.P001","n"
"5094.P002","n"
"5094.P003","n"
"5096.P001","n"
"5096.P002","n"
"5096.P003","n"
"5097.P001","n"
"5097.P002","n"
"5097.P003","n"
"5098.P001","n"
"5098.P002","n"
"5098.P003","n"
"5100.P001","n"
"5100.P002","n"
"5100.P003","n"
"5101.P001","n"
"5101.P002","n"
"5101.P003","n"
"5102.P001","n"
"5102.P002","n"
"5102.P003","n"
"5103.P001","n"
"5103.P002","n"
"5103.P003","n"
"5104.P001","n"
"5104.P002","n"
"5104.P003","n"
"5106.P001","n"
"5106.P002","n"
"5106.P003","n"
"5113.P001","n"
"5113.P002","n"
"5113.P003","n"
"5116.P001","n"
"5116.P002","n"
"5116.P003","n"
"5131.P001","n"
"5131.P002","n"
"5131.P003","n"
"5132.P001","n"
"5132.P002","n"
"5132.P003","n"
"5134.P001","n"
"5134.P002","n"
"5134.P003","n"
"5136.P001","n"
"5136.P002","n"
"5136.P003","n"
"5142.P001","n"
"5142.P002","n"
"5142.P003","n"
"5143.P001","n"
"5143.P002","n"
"5143.P003","n"
"5146.P001","n"
"5146.P002","n"
"5146.P003","n"
"5152.P001","n"
"5152.P002","n"
"5152.P003","n"
"5154.P001","n"
"5154.P002","n"
"5154.P003","n"
"5157.P001","n"
"5157.P002","n"
"5157.P003","n"
"5169.P001","n"
"5169.P002","n"
"5169.P003","n"
"5171.P001","n"
"5171.P002","n"
"5171.P003","n"
"5172.P001","n"
"5172.P002","n"
"5172.P003","n"
"5174.P001","n"
"5174.P002","n"
"5174.P003","n"
"5179.P001","n"
"5179.P002","n"
"5179.P003","n"
"5186.P001","n"
"5186.P002","n"
"5186.P003","n"
"5188.P001","n"
"5188.P002","n"
"5188.P003","n"
"5189.P001","n"
"5189.P002","n"
"5189.P003","n"
"5190.P001","n"
"5190.P002","n"
"5190.P003","n"
"5192.P001","n"
"5192.P002","n"
"5192.P003","n"
"5193.P001","n"
"5193.P002","n"
"5193.P003","n"
"5194.P001","n"
"5194.P002","n"
"5194.P003","n"
"5196.P001","n"
"5196.P002","n"
"5196.P003","n"
"5197.P001","n"
"5197.P002","n"
"5197.P003","n"
"5198.P001","n"
"5198.P002","n"
"5198.P003","n"
"5199.P001","n"
"5199.P002","n"
"5199.P003","n"
"5202.P001","n"
"5202.P002","n"
"5202.P003","n"
"5203.P001","n"
"5203.P002","n"
"5203.P003","n"
"5204.P001","n"
"5204.P002","n"
"5204.P003","n"
"5205.P001","n"
"5205.P002","n"
"5205.P003","n"
"5210.P001","n"
"5210.P002","n"
"5210.P003","n"
"5213.P001","n"
"5213.P002","n"
"5213.P003","n"
"5214.P001","n"
"5214.P002","n"
"5214.P003","n"
"5218.P001","n"
"5218.P002","n"
"5218.P003","n"
"5221.P001","n"
"5221.P002","n"
"5221.P003","n"
"5222.P001","n"
"5222.P002","n"
"5222.P003","n"
"5226.P001","n"
"5226.P002","n"
"5226.P003","n"
"5228.P001","n"
"5228.P002","n"
"5228.P003","n"
"5229.P001","n"
"5229.P002","n"
"5229.P003","n"
"5232.P001","n"
"5232.P002","n"
"5232.P003","n"
"5233.P001","n"
"5233.P002","n"
"5233.P003","n"
"5234.P001","n"
"5234.P002","n"
"5234.P003","n"
"5237.P001","n"
"5237.P002","n"
"5237.P003","n"
"5238.P001","n"
"5238.P002","n"
"5238.P003","n"
"5241.P001","n"
"5241.P002","n"
"5241.P003","n"
"5243.P001","n"
"5243.P002","n"
"5243.P003","n"
"5244.P001","n"
"5244.P002","n"
"5244.P003","n"
"5245.P001","n"
"5245.P002","n"
"5245.P003","n"
"5254.P001","n"
"5254.P002","n"
"5254.P003","n"
"5258.P001","n"
"5258.P002","n"
"5258.P003","n"
"5259.P001","n"
"5259.P002","n"
"5259.P003","n"
"5260.P001","n"
"5260.P002","n"
"5260.P003","n"
"5261.P001","n"
"5261.P002","n"
"5261.P003","n"
"5267.P001","n"
"5267.P002","n"
"5267.P003","n"
"5268.P001","n"
"5268.P002","n"
"5268.P003","n"
"5270.P001","n"
"5270.P002","n"
"5270.P003","n"
"5271.P001","n"
"5271.P002","n"
"5271.P003","n"
"5275.P001","n"
"5275.P002","n"
"5275.P003","n"
"5279.P001","n"
"5279.P002","n"
"5279.P003","n"
"5280.P001","n"
"5280.P002","n"
"5280.P003","n"
"5282.P001","n"
"5282.P002","n"
"5282.P003","n"
"5284.P001","n"
"5284.P002","n"
"5284.P003","n"
"5286.P001","n"
"5286.P002","n"
"5286.P003","n"
"5287.P001","n"
"5287.P002","n"
"5287.P003","n"
"5288.P001","n"
"5288.P002","n"
"5288.P003","n"
"5295.P001","n"
"5295.P002","n"
"5295.P003","n"
"5300.P001","n"
"5300.P002","n"
"5300.P003","n"
"5305.P001","n"
"5305.P002","n"
"5305.P003","n"
"5306.P001","n"
"5306.P002","n"
"5306.P003","n"
"5307.P001","n"
"5307.P002","n"
"5307.P003","n"
"5308.P001","n"
"5308.P002","n"
"5308.P003","n"
"5310.P001","n"
"5310.P002","n"
"5310.P003","n"
"5313.P001","n"
"5313.P002","n"
"5313.P003","n"
"5314.P001","n"
"5314.P002","n"
"5314.P003","n"
"5315.P001","n"
"5315.P002","n"
"5315.P003","n"
"5316.P001","n"
"5316.P002","n"
"5316.P003","n"
"5317.P001","n"
"5317.P002","n"
"5317.P003","n"
"5320.P001","n"
"5320.P002","n"
"5320.P003","n"
"5332.P001","n"
"5332.P002","n"
"5332.P003","n"
"5335.P001","n"
"5335.P002","n"
"5335.P003","n"
"5356.P001","n"
"5356.P002","n"
"5356.P003","n"
"5367.P001","n"
"5367.P002","n"
"5367.P003","n"
"5368.P001","n"
"5368.P002","n"
"5368.P003","n"
"5383.P001","n"
"5383.P002","n"
"5383.P003","n"
"5384.P001","n"
"5384.P002","n"
"5384.P003","n"
"5385.P001","n"
"5385.P002","n"
"5385.P003","n"
"5386.P001","n"
"5386.P002","n"
"5386.P003","n"
"5387.P001","n"
"5387.P002","n"
"5387.P003","n"
"5394.P001","n"
"5394.P002","n"
"5394.P003","n"
"5406.P001","n"
"5406.P002","n"
"5406.P003","n"
"5407.P001","n"
"5407.P002","n"
"5407.P003","n"
"5409.P001","n"
"5409.P002","n"
"5409.P003","n"
"5413.P001","n"
"5413.P002","n"
"5413.P003","n"
"5415.P001","n"
"5415.P002","n"
"5415.P003","n"
"5416.P001","n"
"5416.P002","n"
"5416.P003","n"
"5418.P001","n"
"5418.P002","n"
"5418.P003","n"
"5419.P001","n"
"5419.P002","n"
"5419.P003","n"
"5420.P001","n"
"5420.P002","n"
"5420.P003","n"
"5424.P001","n"
"5424.P002","n"
"5424.P003","n"
"5426.P001","n"
"5426.P002","n"
"5426.P003","n"
"5431.P001","n"
"5431.P002","n"
"5431.P003","n"
"5432.P001","n"
"5432.P002","n"
"5432.P003","n"
"5441.P001","n"
"5441.P002","n"
"5441.P003","n"
"5443.P001","n"
"5443.P002","n"
"5443.P003","n"
"5450.P001","n"
"5450.P002","n"
"5450.P003","n"
"5455.P001","n"
"5455.P002","n"
"5455.P003","n"
"5456.P001","n"
"5456.P002","n"
"5456.P003","n"
"5462.P001","n"
"5462.P002","n"
"5462.P003","n"
"5463.P001","n"
"5463.P002","n"
"5463.P003","n"
"5468.P001","n"
"5468.P002","n"
"5468.P003","n"
"5473.P001","n"
"5473.P002","n"
"5473.P003","n"
"5475.P001","n"
"5475.P002","n"
"5475.P003","n"
"5478.P001","n"
"5478.P002","n"
"5478.P003","n"
"5479.P001","n"
"5479.P002","n"
"5479.P003","n"
"5480.P001","n"
"5480.P002","n"
"5480.P003","n"
"5481.P001","n"
"5481.P002","n"
"5481.P003","n"
"5491.P001","n"
"5491.P002","n"
"5491.P003","n"
"5493.P001","n"
"5493.P002","n"
"5493.P003","n"
"5497.P001","n"
"5497.P002","n"
"5497.P003","n"
"5499.P001","n"
"5499.P002","n"
"5499.P003","n"
"5501.P001","n"
"5501.P002","n"
"5501.P003","n"
"5502.P001","n"
"5502.P002","n"
"5502.P003","n"
"5503.P001","n"
"5503.P002","n"
"5503.P003","n"
"5506.P001","n"
"5506.P002","n"
"5506.P003","n"
"5511.P001","n"
"5511.P002","n"
"5511.P003","n"
"5513.P001","n"
"5513.P002","n"
"5513.P003","n"
"5514.P001","n"
"5514.P002","n"
"5514.P003","n"
"5518.P001","n"
"5518.P002","n"
"5518.P003","n"
"5521.P001","n"
"5521.P002","n"
"5521.P003","n"
"5529.P001","n"
"5529.P002","n"
"5529.P003","n"
"5532.P001","n"
"5532.P002","n"
"5532.P003","n"
"5533.P001","n"
"5533.P002","n"
"5533.P003","n"
"5534.P001","n"
"5534.P002","n"
"5534.P003","n"
"5537.P001","n"
"5537.P002","n"
"5537.P003","n"
"5538.P001","n"
"5538.P002","n"
"5538.P003","n"
"5539.P001","n"
"5539.P002","n"
"5539.P003","n"
"5540.P001","n"
"5540.P002","n"
"5540.P003","n"
"5542.P001","n"
"5542.P002","n"
"5542.P003","n"
"5544.P001","n"
"5544.P002","n"
"5544.P003","n"
"5548.P001","n"
"5548.P002","n"
"5548.P003","n"
"5549.P001","n"
"5549.P002","n"
"5549.P003","n"
"5550.P001","n"
"5550.P002","n"
"5550.P003","n"
"5556.P001","n"
"5556.P002","n"
"5556.P003","n"
"5571.P001","n"
"5571.P002","n"
"5571.P003","n"
"5578.P001","n"
"5578.P002","n"
"5578.P003","n"
"5580.P001","n"
"5580.P002","n"
"5580.P003","n"
"5581.P001","n"
"5581.P002","n"
"5581.P003","n"
"5582.P001","n"
"5582.P002","n"
"5582.P003","n"
"5583.P001","n"
"5583.P002","n"
"5583.P003","n"
"5586.P001","n"
"5586.P002","n"
"5586.P003","n"
"5589.P001","n"
"5589.P002","n"
"5589.P003","n"
"5590.P001","n"
"5590.P002","n"
"5590.P003","n"
"5591.P001","n"
"5591.P002","n"
"5591.P003","n"
"5594.P001","n"
"5594.P002","n"
"5594.P003","n"
"5600.P001","n"
"5600.P002","n"
"5600.P003","n"
"5603.P001","n"
"5603.P002","n"
"5603.P003","n"
"5604.P001","n"
"5604.P002","n"
"5604.P003","n"
"5605.P001","n"
"5605.P002","n"
"5605.P003","n"
"5606.P001","n"
"5606.P002","n"
"5606.P003","n"
"5607.P001","n"
"5607.P002","n"
"5607.P003","n"
"5608.P001","n"
"5608.P002","n"
"5608.P003","n"
"5615.P001","n"
"5615.P002","n"
"5615.P003","n"
"5616.P001","n"
"5616.P002","n"
"5616.P003","n"
"5617.P001","n"
"5617.P002","n"
"5617.P003","n"
"5621.P001","n"
"5621.P002","n"
"5621.P003","n"
"5622.P001","n"
"5622.P002","n"
"5622.P003","n"
"5623.P001","n"
"5623.P002","n"
"5623.P003","n"
"5624.P001","n"
"5624.P002","n"
"5624.P003","n"
"5626.P001","n"
"5626.P002","n"
"5626.P003","n"
"5628.P001","n"
"5628.P002","n"
"5628.P003","n"
"5631.P001","n"
"5631.P002","n"
"5631.P003","n"
"5632.P001","n"
"5632.P002","n"
"5632.P003","n"
"5633.P001","n"
"5633.P002","n"
"5633.P003","n"
"5635.P001","n"
"5635.P002","n"
"5635.P003","n"
"5637.P001","n"
"5637.P002","n"
"5637.P003","n"
"5640.P001","n"
"5640.P002","n"
"5640.P003","n"
"5642.P001","n"
"5642.P002","n"
"5642.P003","n"
"5650.P001","n"
"5650.P002","n"
"5650.P003","n"
"5652.P001","n"
"5652.P002","n"
"5652.P003","n"
"5653.P001","n"
"5653.P002","n"
"5653.P003","n"
"5656.P001","n"
"5656.P002","n"
"5656.P003","n"
"5657.P001","n"
"5657.P002","n"
"5657.P003","n"
"5658.P001","n"
"5658.P002","n"
"5658.P003","n"
"5660.P001","n"
"5660.P002","n"
"5660.P003","n"
"5669.P001","n"
"5669.P002","n"
"5669.P003","n"
"5670.P001","n"
"5670.P002","n"
"5670.P003","n"
"5671.P001","n"
"5671.P002","n"
"5671.P003","n"
"5672.P001","n"
"5672.P002","n"
"5672.P003","n"
"5675.P001","n"
"5675.P002","n"
"5675.P003","n"
"5676.P001","n"
"5676.P002","n"
"5676.P003","n"
"5678.P001","n"
"5678.P002","n"
"5678.P003","n"
"5680.P001","n"
"5680.P002","n"
"5680.P003","n"
"5681.P001","n"
"5681.P002","n"
"5681.P003","n"
"5682.P001","n"
"5682.P002","n"
"5682.P003","n"
"5683.P001","n"
"5683.P002","n"
"5683.P003","n"
"5685.P001","n"
"5685.P002","n"
"5685.P003","n"
"5686.P001","n"
"5686.P002","n"
"5686.P003","n"
"5687.P001","n"
"5687.P002","n"
"5687.P003","n"
"5688.P001","n"
"5688.P002","n"
"5688.P003","n"
"5690.P001","n"
"5690.P002","n"
"5690.P003","n"
"5700.P001","n"
"5700.P002","n"
"5700.P003","n"
"5704.P001","n"
"5704.P002","n"
"5704.P003","n"
"5705.P001","n"
"5705.P002","n"
"5705.P003","n"
"5706.P001","n"
"5706.P002","n"
"5706.P003","n"
"5707.P001","n"
"5707.P002","n"
"5707.P003","n"
"5708.P001","n"
"5708.P002","n"
"5708.P003","n"
"5709.P001","n"
"5709.P002","n"
"5709.P003","n"
"5711.P001","n"
"5711.P002","n"
"5711.P003","n"
"5713.P001","n"
"5713.P002","n"
"5713.P003","n"
"5721.P001","n"
"5721.P002","n"
"5721.P003","n"
"5723.P001","n"
"5723.P002","n"
"5723.P003","n"
"5734.P001","n"
"5734.P002","n"
"5734.P003","n"
"5742.P001","n"
"5742.P002","n"
"5742.P003","n"
"5744.P001","n"
"5744.P002","n"
"5744.P003","n"
"5745.P001","n"
"5745.P002","n"
"5745.P003","n"
"5746.P001","n"
"5746.P002","n"
"5746.P003","n"
"5747.P001","n"
"5747.P002","n"
"5747.P003","n"
"5749.P001","n"
"5749.P002","n"
"5749.P003","n"
"5750.P001","n"
"5750.P002","n"
"5750.P003","n"
"5751.P001","n"
"5751.P002","n"
"5751.P003","n"
"5752.P001","n"
"5752.P002","n"
"5752.P003","n"
"5755.P001","n"
"5755.P002","n"
"5755.P003","n"
"5756.P001","n"
"5756.P002","n"
"5756.P003","n"
"5757.P001","n"
"5757.P002","n"
"5757.P003","n"
"5758.P001","n"
"5758.P002","n"
"5758.P003","n"
"5759.P001","n"
"5759.P002","n"
"5759.P003","n"
"5760.P001","n"
"5760.P002","n"
"5760.P003","n"
"5761.P001","n"
"5761.P002","n"
"5761.P003","n"
"5762.P001","n"
"5762.P002","n"
"5762.P003","n"
"5763.P001","n"
"5763.P002","n"
"5763.P003","n"
"5767.P001","n"
"5767.P002","n"
"5767.P003","n"
"5769.P001","n"
"5769.P002","n"
"5769.P003","n"
"5770.P001","n"
"5770.P002","n"
"5770.P003","n"
"5773.P001","n"
"5773.P002","n"
"5773.P003","n"
"5775.P001","n"
"5775.P002","n"
"5775.P003","n"
"5776.P001","n"
"5776.P002","n"
"5776.P003","n"
"5777.P001","n"
"5777.P002","n"
"5777.P003","n"
"5780.P001","n"
"5780.P002","n"
"5780.P003","n"
"5783.P001","n"
"5783.P002","n"
"5783.P003","n"
"5788.P001","n"
"5788.P002","n"
"5788.P003","n"
"5791.P001","n"
"5791.P002","n"
"5791.P003","n"
"5797.P001","n"
"5797.P002","n"
"5797.P003","n"
"5798.P001","n"
"5798.P002","n"
"5798.P003","n"
"5803.P001","n"
"5803.P002","n"
"5803.P003","n"
"5807.P001","n"
"5807.P002","n"
"5807.P003","n"
"5809.P001","n"
"5809.P002","n"
"5809.P003","n"
"5814.P001","n"
"5814.P002","n"
"5814.P003","n"
"5821.P001","n"
"5821.P002","n"
"5821.P003","n"
"5823.P001","n"
"5823.P002","n"
"5823.P003","n"
"5827.P001","n"
"5827.P002","n"
"5827.P003","n"
"5829.P001","n"
"5829.P002","n"
"5829.P003","n"
"5832.P001","n"
"5832.P002","n"
"5832.P003","n"
"5833.P001","n"
"5833.P002","n"
"5833.P003","n"
"5835.P001","n"
"5835.P002","n"
"5835.P003","n"
"5839.P001","n"
"5839.P002","n"
"5839.P003","n"
"5840.P001","n"
"5840.P002","n"
"5840.P003","n"
"5843.P001","n"
"5843.P002","n"
"5843.P003","n"
"5845.P001","n"
"5845.P002","n"
"5845.P003","n"
"5846.P001","n"
"5846.P002","n"
"5846.P003","n"
"5856.P001","n"
"5856.P002","n"
"5856.P003","n"
"5857.P001","n"
"5857.P002","n"
"5857.P003","n"
"5862.P001","n"
"5862.P002","n"
"5862.P003","n"
"5868.P001","n"
"5868.P002","n"
"5868.P003","n"
"5872.P001","n"
"5872.P002","n"
"5872.P003","n"
"5877.P001","n"
"5877.P002","n"
"5877.P003","n"
"5879.P001","n"
"5879.P002","n"
"5879.P003","n"
"5880.P001","n"
"5880.P002","n"
"5880.P003","n"
"5881.P001","n"
"5881.P002","n"
"5881.P003","n"
"5883.P001","n"
"5883.P002","n"
"5883.P003","n"
"5887.P001","n"
"5887.P002","n"
"5887.P003","n"
"5889.P001","n"
"5889.P002","n"
"5889.P003","n"
"5891.P001","n"
"5891.P002","n"
"5891.P003","n"
"5893.P001","n"
"5893.P002","n"
"5893.P003","n"
"5897.P001","n"
"5897.P002","n"
"5897.P003","n"
"5899.P001","n"
"5899.P002","n"
"5899.P003","n"
"5901.P001","n"
"5901.P002","n"
"5901.P003","n"
"5903.P001","n"
"5903.P002","n"
"5903.P003","n"
"5904.P001","n"
"5904.P002","n"
"5904.P003","n"
"5905.P001","n"
"5905.P002","n"
"5905.P003","n"
"5909.P001","n"
"5909.P002","n"
"5909.P003","n"
"5915.P001","n"
"5915.P002","n"
"5915.P003","n"
"5916.P001","n"
"5916.P002","n"
"5916.P003","n"
"5917.P001","n"
"5917.P002","n"
"5917.P003","n"
"5918.P001","n"
"5918.P002","n"
"5918.P003","n"
"5919.P001","n"
"5919.P002","n"
"5919.P003","n"
"5920.P001","n"
"5920.P002","n"
"5920.P003","n"
"5922.P001","n"
"5922.P002","n"
"5922.P003","n"
"5923.P001","n"
"5923.P002","n"
"5923.P003","n"
"5925.P001","n"
"5925.P002","n"
"5925.P003","n"
"5932.P001","n"
"5932.P002","n"
"5932.P003","n"
"5933.P001","n"
"5933.P002","n"
"5933.P003","n"
"5952.P001","n"
"5952.P002","n"
"5952.P003","n"
"5956.P001","n"
"5956.P002","n"
"5956.P003","n"
"5965.P001","n"
"5965.P002","n"
"5965.P003","n"
"5967.P001","n"
"5967.P002","n"
"5967.P003","n"
"5969.P001","n"
"5969.P002","n"
"5969.P003","n"
"5982.P001","n"
"5982.P002","n"
"5982.P003","n"
"5984.P001","n"
"5984.P002","n"
"5984.P003","n"
"5985.P001","n"
"5985.P002","n"
"5985.P003","n"
"5986.P001","n"
"5986.P002","n"
"5986.P003","n"
"5987.P001","n"
"5987.P002","n"
"5987.P003","n"
"5990.P001","n"
"5990.P002","n"
"5990.P003","n"
"5991.P001","n"
"5991.P002","n"
"5991.P003","n"
"5998.P001","n"
"5998.P002","n"
"5998.P003","n"
"6001.P001","n"
"6001.P002","n"
"6001.P003","n"
"6002.P001","n"
"6002.P002","n"
"6002.P003","n"
"6003.P001","n"
"6003.P002","n"
"6003.P003","n"
"6006.P001","n"
"6006.P002","n"
"6006.P003","n"
"6007.P001","n"
"6007.P002","n"
"6007.P003","n"
"6010.P001","n"
"6010.P002","n"
"6010.P003","n"
"6013.P001","n"
"6013.P002","n"
"6013.P003","n"
"6014.P001","n"
"6014.P002","n"
"6014.P003","n"
"6015.P001","n"
"6015.P002","n"
"6015.P003","n"
"6017.P001","n"
"6017.P002","n"
"6017.P003","n"
"6018.P001","n"
"6018.P002","n"
"6018.P003","n"
"6019.P001","n"
"6019.P002","n"
"6019.P003","n"
"6020.P001","n"
"6020.P002","n"
"6020.P003","n"
"6021.P001","n"
"6021.P002","n"
"6021.P003","n"
"6022.P001","n"
"6022.P002","n"
"6022.P003","n"
"6023.P001","n"
"6023.P002","n"
"6023.P003","n"
"6024.P001","n"
"6024.P002","n"
"6024.P003","n"
"6026.P001","n"
"6026.P002","n"
"6026.P003","n"
"6029.P001","n"
"6029.P002","n"
"6029.P003","n"
"6030.P001","n"
"6030.P002","n"
"6030.P003","n"
"6034.P001","n"
"6034.P002","n"
"6034.P003","n"
"6036.P001","n"
"6036.P002","n"
"6036.P003","n"
"6041.P001","n"
"6041.P002","n"
"6041.P003","n"
"6043.P001","n"
"6043.P002","n"
"6043.P003","n"
"6050.P001","n"
"6050.P002","n"
"6050.P003","n"
"6051.P001","n"
"6051.P002","n"
"6051.P003","n"
"6052.P001","n"
"6052.P002","n"
"6052.P003","n"
"6053.P001","n"
"6053.P002","n"
"6053.P003","n"
"6055.P001","n"
"6055.P002","n"
"6055.P003","n"
"6056.P001","n"
"6056.P002","n"
"6056.P003","n"
"6058.P001","n"
"6058.P002","n"
"6058.P003","n"
"6060.P001","n"
"6060.P002","n"
"6060.P003","n"
"6064.P001","n"
"6064.P002","n"
"6064.P003","n"
"6066.P001","n"
"6066.P002","n"
"6066.P003","n"
"6068.P001","n"
"6068.P002","n"
"6068.P003","n"
"6069.P001","n"
"6069.P002","n"
"6069.P003","n"
"6070.P001","n"
"6070.P002","n"
"6070.P003","n"
"6076.P001","n"
"6076.P002","n"
"6076.P003","n"
"6078.P001","n"
"6078.P002","n"
"6078.P003","n"
"6084.P001","n"
"6084.P002","n"
"6084.P003","n"
"6085.P001","n"
"6085.P002","n"
"6085.P003","n"
"6086.P001","n"
"6086.P002","n"
"6086.P003","n"
"6087.P001","n"
"6087.P002","n"
"6087.P003","n"
"6093.P001","n"
"6093.P002","n"
"6093.P003","n"
"6094.P001","n"
"6094.P002","n"
"6094.P003","n"
"6095.P001","n"
"6095.P002","n"
"6095.P003","n"
"6097.P001","n"
"6097.P002","n"
"6097.P003","n"
"6098.P001","n"
"6098.P002","n"
"6098.P003","n"
"6099.P001","n"
"6099.P002","n"
"6099.P003","n"
"6100.P001","n"
"6100.P002","n"
"6100.P003","n"
"6101.P001","n"
"6101.P002","n"
"6101.P003","n"
"6105.P001","n"
"6105.P002","n"
"6105.P003","n"
"6111.P001","n"
"6111.P002","n"
"6111.P003","n"
"6112.P001","n"
"6112.P002","n"
"6112.P003","n"
"6113.P001","n"
"6113.P002","n"
"6113.P003","n"
"6114.P001","n"
"6114.P002","n"
"6114.P003","n"
"6115.P001","n"
"6115.P002","n"
"6115.P003","n"
"6116.P001","n"
"6116.P002","n"
"6116.P003","n"
"6117.P001","n"
"6117.P002","n"
"6117.P003","n"
"6118.P001","n"
"6118.P002","n"
"6118.P003","n"
"6119.P001","n"
"6119.P002","n"
"6119.P003","n"
"6123.P001","n"
"6123.P002","n"
"6123.P003","n"
"6125.P001","n"
"6125.P002","n"
"6125.P003","n"
"6128.P001","n"
"6128.P002","n"
"6128.P003","n"
"6131.P001","n"
"6131.P002","n"
"6131.P003","n"
"6135.P001","n"
"6135.P002","n"
"6135.P003","n"
"6136.P001","n"
"6136.P002","n"
"6136.P003","n"
"6137.P001","n"
"6137.P002","n"
"6137.P003","n"
"6138.P001","n"
"6138.P002","n"
"6138.P003","n"
"6150.P001","n"
"6150.P002","n"
"6150.P003","n"
"6153.P001","n"
"6153.P002","n"
"6153.P003","n"
"6154.P001","n"
"6154.P002","n"
"6154.P003","n"
"6161.P001","n"
"6161.P002","n"
"6161.P003","n"
"6163.P001","n"
"6163.P002","n"
"6163.P003","n"
"6168.P001","n"
"6168.P002","n"
"6168.P003","n"
"6170.P001","n"
"6170.P002","n"
"6170.P003","n"
"6171.P001","n"
"6171.P002","n"
"6171.P003","n"
"6173.P001","n"
"6173.P002","n"
"6173.P003","n"
"6174.P001","n"
"6174.P002","n"
"6174.P003","n"
"6179.P001","n"
"6179.P002","n"
"6179.P003","n"
"6181.P001","n"
"6181.P002","n"
"6181.P003","n"
"6182.P001","n"
"6182.P002","n"
"6182.P003","n"
"6186.P001","n"
"6186.P002","n"
"6186.P003","n"
"6190.P001","n"
"6190.P002","n"
"6190.P003","n"
"6192.P001","n"
"6192.P002","n"
"6192.P003","n"
"6193.P001","n"
"6193.P002","n"
"6193.P003","n"
"6194.P001","n"
"6194.P002","n"
"6194.P003","n"
"6195.P001","n"
"6195.P002","n"
"6195.P003","n"
"6197.P001","n"
"6197.P002","n"
"6197.P003","n"
"6204.P001","n"
"6204.P002","n"
"6204.P003","n"
"6205.P001","n"
"6205.P002","n"
"6205.P003","n"
"6206.P001","n"
"6206.P002","n"
"6206.P003","n"
"6207.P001","n"
"6207.P002","n"
"6207.P003","n"
"6212.P001","n"
"6212.P002","n"
"6212.P003","n"
"6215.P001","n"
"6215.P002","n"
"6215.P003","n"
"6220.P001","n"
"6220.P002","n"
"6220.P003","n"
"6221.P001","n"
"6221.P002","n"
"6221.P003","n"
"6222.P001","n"
"6222.P002","n"
"6222.P003","n"
"6227.P001","n"
"6227.P002","n"
"6227.P003","n"
"6234.P001","n"
"6234.P002","n"
"6234.P003","n"
"6237.P001","n"
"6237.P002","n"
"6237.P003","n"
"6238.P001","n"
"6238.P002","n"
"6238.P003","n"
"6240.P001","n"
"6240.P002","n"
"6240.P003","n"
"6243.P001","n"
"6243.P002","n"
"6243.P003","n"
